id,default_code,description,name,is_storable,tracking,categ_id:id
product_template_5abbm,5ABBM,"KMC-65M(x2), KCH-19M(x2), KRK-14HM(x2), KRK-15BM, KCT-71M2(x2), KCT-23M3, KMB-33M","KMC-65M(x2), KCH-19M(x2), KRK-14HM(x2), KRK-15BM, KCT-71M2(x2), KCT-23M3, KMB-33M",TRUE,none,aak_product_data.product_category_kenwood_lmr_dealer_components
product_template_5abbmm,5ABBMM,"KMC-65M(x2), KCH-19M(x2), KRK-14HM(x2), KRK-15BM(x2), KCT-71M2(x2), KCT-71M4, KCT-23M3(x2), KMB-33M(x2)","KMC-65M(x2), KCH-19M(x2), KRK-14HM(x2), KRK-15BM(x2), KCT-71M2(x2), KCT-71M4, KCT-23M3(x2), KMB-33M(x2)",TRUE,none,aak_product_data.product_category_kenwood_lmr_dealer_components
product_template_5abbmm_mr,5ABBMM-MR,"KMC-65M(x2), KCH-19M(x2), KRK-14HM(x2), KRK-15BM(x2), KCT-71M2(x2), KCT-71M4, KCT-23M3(x2), KMB-33M(x2), KES-5A(x2), KAP-2(x2)","KMC-65M(x2), KCH-19M(x2), KRK-14HM(x2), KRK-15BM(x2), KCT-71M2(x2), KCT-71M4, KCT-23M3(x2), KMB-33M(x2), KES-5A(x2), KAP-2(x2)",TRUE,none,aak_product_data.product_category_kenwood_lmr_dealer_components
product_template_5abm,5ABM,"KMC-65M, KCH-19M, KRK-14HM, KRK-15BM, KCT-71M2, KCT-23M3, KMB-33M ","KMC-65M, KCH-19M, KRK-14HM, KRK-15BM, KCT-71M2, KCT-23M3, KMB-33M ",TRUE,none,aak_product_data.product_category_kenwood_lmr_dealer_components
product_template_5abmm,5ABMM,"KMC-65M, KCH-19M, KRK-14HM, KRK-15BM(x2), KCT-71M2, KCT-71M4, KCT-23M3(x2), KMB-33M(x2)","KMC-65M, KCH-19M, KRK-14HM, KRK-15BM(x2), KCT-71M2, KCT-71M4, KCT-23M3(x2), KMB-33M(x2)",TRUE,none,aak_product_data.product_category_kenwood_lmr_dealer_components
product_template_5abmm_mr,5ABMM-MR,"KMC-65M, KCH-19M, KRK-14HM, KRK-15BM(x2), KCT-71M2, KCT-71M4, KCT-23M3(x2), KMB-33M(x2), KES-5A(x2), KAP-2(x2)","KMC-65M, KCH-19M, KRK-14HM, KRK-15BM(x2), KCT-71M2, KCT-71M4, KCT-23M3(x2), KMB-33M(x2), KES-5A(x2), KAP-2(x2)",TRUE,none,aak_product_data.product_category_kenwood_lmr_dealer_components
product_template_5affm,5AFFM,"KMC-65M(x2), KCH-20RM(x2), KRK-15BM, KCT-71M2(x2), KCT-23M3, KMB-33M, KES-5A(x2), KCT-72M(x2)","KMC-65M(x2), KCH-20RM(x2), KRK-15BM, KCT-71M2(x2), KCT-23M3, KMB-33M, KES-5A(x2), KCT-72M(x2)",TRUE,none,aak_product_data.product_category_kenwood_lmr_dealer_components
product_template_5affmm,5AFFMM,"KMC-65M(x2), KCH-20RM(x2), KRK-15BM(x2), KCT-71M2(x2), KCT-71M4, KCT-23M3(x2), KMB-33M(x2), KES-5A(x2), KCT-72M(x2)","KMC-65M(x2), KCH-20RM(x2), KRK-15BM(x2), KCT-71M2(x2), KCT-71M4, KCT-23M3(x2), KMB-33M(x2), KES-5A(x2), KCT-72M(x2)",TRUE,none,aak_product_data.product_category_kenwood_lmr_dealer_components
product_template_5affmm_mr,5AFFMM-MR,"KMC-65M(x2), KCH-20RM(x2), KRK-15BM(x2), KCT-71M2(x2), KCT-71M4, KCT-23M3(x2), KMB-33M(x2), KES-5A(x2), KAP-2(x2)","KMC-65M(x2), KCH-20RM(x2), KRK-15BM(x2), KCT-71M2(x2), KCT-71M4, KCT-23M3(x2), KMB-33M(x2), KES-5A(x2), KAP-2(x2)",TRUE,none,aak_product_data.product_category_kenwood_lmr_dealer_components
product_template_5afm,5AFM,"KMC-65M, KCH-20RM, KRK-15BM, KCT-71M2, KCT-23M3, KMB-33M, KES-5A, KCT-72M","KMC-65M, KCH-20RM, KRK-15BM, KCT-71M2, KCT-23M3, KMB-33M, KES-5A, KCT-72M",TRUE,none,aak_product_data.product_category_kenwood_lmr_dealer_components
product_template_5afmm,5AFMM,"KMC-65M, KCH-20RM, KRK-15BM(x2), KCT-71M2, KCT-71M4, KCT-23M3(x2), KMB-33M(x2), KES-5A, KCT-72M","KMC-65M, KCH-20RM, KRK-15BM(x2), KCT-71M2, KCT-71M4, KCT-23M3(x2), KMB-33M(x2), KES-5A, KCT-72M",TRUE,none,aak_product_data.product_category_kenwood_lmr_dealer_components
product_template_5afmm_mr,5AFMM-MR,"KMC-65M, KCH-20RM, KRK-15BM(x2), KCT-71M2, KCT-71M4, KCT-23M3(x2), KMB-33M(x2), KES-5A(x2), KAP-2(x2)","KMC-65M, KCH-20RM, KRK-15BM(x2), KCT-71M2, KCT-71M4, KCT-23M3(x2), KMB-33M(x2), KES-5A(x2), KAP-2(x2)",TRUE,none,aak_product_data.product_category_kenwood_lmr_dealer_components
product_template_5ahm,5AHM,"KCH-21RM, KRK-15BM, KCT-77M2, KCT-23M3, KMB-33M","KCH-21RM, KRK-15BM, KCT-77M2, KCT-23M3, KMB-33M",TRUE,none,aak_product_data.product_category_kenwood_lmr_dealer_components
product_template_5ahmm,5AHMM,"KCH-21RM, KRK-15BM(x2), KCT-77M2, KCT-71M4, KCT-23M3(x2), KMB-33M(x2)","KCH-21RM, KRK-15BM(x2), KCT-77M2, KCT-71M4, KCT-23M3(x2), KMB-33M(x2)",TRUE,none,aak_product_data.product_category_kenwood_lmr_dealer_components
product_template_5ahmm_mr,5AHMM-MR,"KCH-21RM, KRK-15BM(x2), KCT-77M2, KCT-71M4, KCT-23M3(x2), KMB-33M(x2), KES-5A(x2), KAP-2(x2)","KCH-21RM, KRK-15BM(x2), KCT-77M2, KCT-71M4, KCT-23M3(x2), KMB-33M(x2), KES-5A(x2), KAP-2(x2)",TRUE,none,aak_product_data.product_category_kenwood_lmr_dealer_components
product_template_6abbmig,6ABBMIG,"KMC-65M(x2), KCH-19M(x2), KRK-14HM(x2), KCT-71M2(x2), KCT-23M4, KCT-18, KMB-36","KMC-65M(x2), KCH-19M(x2), KRK-14HM(x2), KCT-71M2(x2), KCT-23M4, KCT-18, KMB-36",TRUE,none,aak_product_data.product_category_kenwood_lmr_dealer_components
product_template_6abmig,6ABMIG,"KMC-65M, KCH-19M, KRK-14HM, KCT-71M2, KCT-23M4, KCT-18, KMB-36","KMC-65M, KCH-19M, KRK-14HM, KCT-71M2, KCT-23M4, KCT-18, KMB-36",TRUE,none,aak_product_data.product_category_kenwood_lmr_dealer_components
product_template_6affmig,6AFFMIG,"KMC-65M(x2), KCH-20RM(x2), KCT-71M2(x2), KCT-23M4, KCT-72M(x2), KES-5A(x2), KCT-18, KMB-36","KMC-65M(x2), KCH-20RM(x2), KCT-71M2(x2), KCT-23M4, KCT-72M(x2), KES-5A(x2), KCT-18, KMB-36",TRUE,none,aak_product_data.product_category_kenwood_lmr_dealer_components
product_template_6afmig,6AFMIG,"KMC-65M, KCH-20RM, KCT-71M2, KCT-23M4, KCT-72M, KES-5A, KCT-18, KMB-36","KMC-65M, KCH-20RM, KCT-71M2, KCT-23M4, KCT-72M, KES-5A, KCT-18, KMB-36",TRUE,none,aak_product_data.product_category_kenwood_lmr_dealer_components
product_template_6afmmig,6AFMMIG,"KMC-65M, KCH-20RM, KCT-71M2, KCT-23M4(x2), KCT-72M, KES-5A, KCT-18(x2), KMB-36 (x2), KCT-71M4","KMC-65M, KCH-20RM, KCT-71M2, KCT-23M4(x2), KCT-72M, KES-5A, KCT-18(x2), KMB-36 (x2), KCT-71M4",TRUE,none,aak_product_data.product_category_kenwood_lmr_dealer_components
product_template_6ahmig,6AHMIG,"KCH-21RM, KCT-77M2, KCT-23M4, KCT-18, KMB-36","KCH-21RM, KCT-77M2, KCT-23M4, KCT-18, KMB-36",TRUE,none,aak_product_data.product_category_kenwood_lmr_dealer_components
product_template_d32_0456_03,D32-0456-03,Channel stopper for NX-1000 series Basic(No Display) model,Channel stopper for NX-1000 series Basic(No Display) model,TRUE,none,aak_product_data.product_category_kenwood_lmr_dealer_components
product_template_e30_3410_05,E30-3410-05,2 pin Clone Cable,2 pin Clone Cable,TRUE,none,aak_product_data.product_category_kenwood_lmr_dealer_components
product_template_ga25mcx,GA25MCX,Garmin On-dash Style Magnetic base GPS Antenna for GPS15XL-W</p><p>Note: shipped loose only; Install GA25MCX antenna to GPS15XL-W before vehicle install.,Garmin On-dash Style Magnetic base GPS Antenna for GPS15XL-W,TRUE,none,aak_product_data.product_category_kenwood_lmr_dealer_components
product_template_gps15xl_w,GPS15XL-W,Garmin Internal GPS Receiver Board for NEXEDGE/FleetSync AVL</p><p>Note: </p><p>• Conventional operation only. </p><p>• Requires GA25 MCX GPS antenna. </p><p>• Refer to www.garmin.com for GPS-15XL-W technical specifications.</p><p>• Option: Order L-1874 for Kenwood Long Beach installation.,Garmin Internal GPS Receiver Board for NEXEDGE/FleetSync AVL,TRUE,none,aak_product_data.product_category_kenwood_lmr_dealer_components
product_template_kap_2,KAP-2,Horn Alert/P.A. Relay Option</p><p>Note: For mid power mobiles (NX-5700/5700B/5800/5800B/5900/5900B) only.,Horn Alert/P.A. Relay Option,TRUE,none,aak_product_data.product_category_kenwood_lmr_dealer_components
product_template_kas_10,KAS-10,"FleetSync & NEXEDGE AVL & Messaging Software</p><p>with NEXEDGE Trunking VoIP Dispatch </p><p>Note: </p><p>- Users can chose to operate Messaging, AVL or VoIP or all three if desired. Compatible with </p><p>Windows® XP, VISTA & 7 and Microsoft®MapPoint®2006/2009/2010 (certain format bitmap images can be imported). Refer to KAS-10 product spec sheets and manuals for details.</p><p>- NEXEDGE Gen2, Type-D Trunking and DMR System not supported.",FleetSync & NEXEDGE AVL & Messaging Software,TRUE,none,aak_product_data.product_category_kenwood_lmr_dealer_components
product_template_kbh_10,KBH-10,Spring action belt clip,Spring action belt clip,TRUE,none,aak_product_data.product_category_kenwood_lmr_dealer_components
product_template_kbh_11,KBH-11,"Spring action belt clip (2.5"")","Spring action belt clip (2.5"")",TRUE,none,aak_product_data.product_category_kenwood_lmr_dealer_components
product_template_kbh_8ds,KBH-8DS,Leather swivel belt loop with portable D-Ring attachment ,Leather swivel belt loop with portable D-Ring attachment ,TRUE,none,aak_product_data.product_category_kenwood_lmr_dealer_components
product_template_kbp_5,KBP-5,AA Alkaline Refillable Battery Pack (6 AA; 9V) cells not included,AA Alkaline Refillable Battery Pack (6 AA; 9V) cells not included,TRUE,none,aak_product_data.product_category_kenwood_lmr_dealer_components
product_template_kbp_8m2,KBP-8M2,AA Alkaline Refillable Battery Pack (12 AA: 9V). Cells not included.</p><p>Note: The color of the case is International Orange.,AA Alkaline Refillable Battery Pack (12 AA: 9V). Cells not included.,TRUE,none,aak_product_data.product_category_kenwood_lmr_dealer_components
product_template_kch_19m,KCH-19M,Basic Control Panel                                                                                                                                                                                                                                            ,Basic Control Panel                                                                                                                                                                                                                                            ,TRUE,none,aak_product_data.product_category_kenwood_lmr_dealer_components
product_template_kch_20rm,KCH-20RM,Full Featured Remote Control Panel</p><p>Note: </p><p>- Remote configuration only. No Internal Speaker included. KES-5A is required.</p><p>- microSD License (KWD-5002SD) and Bluetooth SPP License (KWD-5003BT) are NOT required for both KCH-20RM and connected RF Decks.KCH-20RM and connected RF Decks can be used of  microSD and Bluetooth SPP with NO License Activation.</p><p>,Full Featured Remote Control Panel,TRUE,none,aak_product_data.product_category_kenwood_lmr_dealer_components
product_template_kch_21rm,KCH-21RM,Hand Held Control Head for Long Cable  *Requires KCT-77M2 (17 ft.)</p><p>Note:</p><p>- Bluetooth SPP License (KWD-5003BT) is NOT required for both KCH-21RM and connected RF Decks.KCH-21RM has built-in Bluetooth SPP license that will also activate the connected RF Decks.,Hand Held Control Head for Long Cable  *Requires KCT-77M2 (17 ft.),TRUE,none,aak_product_data.product_category_kenwood_lmr_dealer_components
product_template_kch_21rm_s,KCH-21RM-S,Hand Held Control Head with Short Cable (4 ft.)</p><p>Note:</p><p>- Bluetooth SPP License (KWD-5003BT) is NOT required for both KCH-21RM and connected RF Decks.KCH-21RM has built-in Bluetooth SPP license that will also activate the connected RF Decks.,Hand Held Control Head with Short Cable (4 ft.),TRUE,none,aak_product_data.product_category_kenwood_lmr_dealer_components
product_template_kct_18,KCT-18,Ignition sense cable</p><p>Note: For high power mobiles (NX-5600HB/5700HB) only.,Ignition sense cable,TRUE,none,aak_product_data.product_category_kenwood_lmr_dealer_components
product_template_kct_23m,KCT-23M,"DC Cable, 35-50W, 10 feet</p><p>Note: For mid power mobiles (NX-5700/5700B/5800/5800B/5900/5900B) only.","DC Cable, 35-50W, 10 feet",TRUE,none,aak_product_data.product_category_kenwood_lmr_dealer_components
product_template_kct_23m2,KCT-23M2,"DC Cable, 75-110W, 10 feet</p><p>Note: For high power mobiles (NX-5600HB/5700HB) only.","DC Cable, 75-110W, 10 feet",TRUE,none,aak_product_data.product_category_kenwood_lmr_dealer_components
product_template_kct_23m3,KCT-23M3,"DC Cable, 35-50W, 23 feet</p><p>Note: For mid power mobiles (NX-5700/5700B/5800/5800B/5900/5900B) only.","DC Cable, 35-50W, 23 feet",TRUE,none,aak_product_data.product_category_kenwood_lmr_dealer_components
product_template_kct_23m4,KCT-23M4,"DC Cable, 75/110W, 23 feet</p><p>Note: For high power mobiles (NX-5600HB/5700HB) only.","DC Cable, 75/110W, 23 feet",TRUE,none,aak_product_data.product_category_kenwood_lmr_dealer_components
product_template_kct_46,KCT-46,Ignition sense cable </p><p>Note: For mid power mobiles (NX-5700/5700B/5800/5800B/5900/5900B) only.,Ignition sense cable ,TRUE,none,aak_product_data.product_category_kenwood_lmr_dealer_components
product_template_kct_48vu,KCT-48VU,External Vibration Unit</p><p>Note:  Audio accessories cannot be used when this option installed.</p><p>KCT-48VU does not support the P25 digital mode calling or paging features</p><p>[Intrinsically Safe Option],External Vibration Unit,TRUE,none,aak_product_data.product_category_kenwood_lmr_dealer_components
product_template_kct_51,KCT-51,Hirose 6-pin Adapter (adapts KVL/aftermarket audio acc. to portable connector)</p><p>[Intrinsically Safe Option],Hirose 6-pin Adapter (adapts KVL/aftermarket audio acc. to portable connector),TRUE,none,aak_product_data.product_category_kenwood_lmr_dealer_components
product_template_kct_60m,KCT-60M,DB15-to-15pin Molex Adapter Cable,DB15-to-15pin Molex Adapter Cable,TRUE,none,aak_product_data.product_category_kenwood_lmr_dealer_components
product_template_kct_71a100,KCT-71A100,KCT-71A Extended Control Head Cable (up to 100 ft. max.)</p><p>Note: Please specify exact length at 1ft. increments when ordering.</p><p>Caution: Extended control head cables exhibit a loss in speaker audio power to the control heads.,KCT-71A Extended Control Head Cable (up to 100 ft. max.),TRUE,none,aak_product_data.product_category_kenwood_lmr_dealer_components
product_template_kct_71a50,KCT-71A50,KCT-71A Extended Control Head Cable (up to 50 ft. max.)</p><p>Note: Please specify exact length at 1ft. increments when ordering.</p><p>Caution: Extended control head cables exhibit a loss in speaker audio power to the control heads.,KCT-71A Extended Control Head Cable (up to 50 ft. max.),TRUE,none,aak_product_data.product_category_kenwood_lmr_dealer_components
product_template_kct_71m2,KCT-71M2,Remote Control Cable (17 feet),Remote Control Cable (17 feet),TRUE,none,aak_product_data.product_category_kenwood_lmr_dealer_components
product_template_kct_71m3,KCT-71M3,Remote Control Cable (25 feet),Remote Control Cable (25 feet),TRUE,none,aak_product_data.product_category_kenwood_lmr_dealer_components
product_template_kct_71m4,KCT-71M4,Remote Control Cable (1.6 feet),Remote Control Cable (1.6 feet),TRUE,none,aak_product_data.product_category_kenwood_lmr_dealer_components
product_template_kct_72m,KCT-72M,External Accessory Connection Cable for KCH-19M / KCH-20RM,External Accessory Connection Cable for KCH-19M / KCH-20RM,TRUE,none,aak_product_data.product_category_kenwood_lmr_dealer_components
product_template_kct_77m2,KCT-77M2,Remote Control Cable for KCH-21RM (17 feet),Remote Control Cable for KCH-21RM (17 feet),TRUE,none,aak_product_data.product_category_kenwood_lmr_dealer_components
product_template_kct_90usb,KCT-90USB,USB Mobile Cable for SD Card Direct Access Support</p><p>Note: microSD function requires KWD-5002SD license.,USB Mobile Cable for SD Card Direct Access Support,TRUE,none,aak_product_data.product_category_kenwood_lmr_dealer_components
product_template_kct_91mrs,KCT-91MRS,DB25 Cable for Mobile Relay Station (Conventional Only)</p><p>Note: </p><p>- Mobile Relay Station requires Multi RF Deck Configuration.</p><p>- Built-in GPS and Bluetooth are not available with Mobile Relay Station.</p><p>- DMR mode is not available,DB25 Cable for Mobile Relay Station (Conventional Only),TRUE,none,aak_product_data.product_category_kenwood_lmr_dealer_components
product_template_kep_1,KEP-1,3.5mm earphone kit for KMC-41/42W/54W/70M/72W Speaker Mics</p><p>[Intrinsically Safe Option],3.5mm earphone kit for KMC-41/42W/54W/70M/72W Speaker Mics,TRUE,none,aak_product_data.product_category_kenwood_lmr_dealer_components
product_template_kep_2,KEP-2,2.5mm earphone kit for KMC-49 Speaker Mic</p><p>[Intrinsically Safe Option],2.5mm earphone kit for KMC-49 Speaker Mic,TRUE,none,aak_product_data.product_category_kenwood_lmr_dealer_components
product_template_kes_5a,KES-5A,"External speaker, 40W max input</p><p>Note: Requires KCT-72M to connect to Remote Control Head","External speaker, 40W max input",TRUE,none,aak_product_data.product_category_kenwood_lmr_dealer_components
product_template_kes_8k,KES-8K,"External speaker, 10W, 4-Ohm, 3.5mm phone plug","External speaker, 10W, 4-Ohm, 3.5mm phone plug",TRUE,none,aak_product_data.product_category_kenwood_lmr_dealer_components
product_template_khs_10dc_bh,KHS-10DC-BH,Hvy-duty Behind-the-head Headset W/boom Mic Earcup-mounted PTT with NRR of 24dB</p><p>[Intrinsically Safe Option],Hvy-duty Behind-the-head Headset W/boom Mic Earcup-mounted PTT with NRR of 24dB,TRUE,none,aak_product_data.product_category_kenwood_lmr_dealer_components
product_template_khs_10dc_oh,KHS-10DC-OH,Hvy-duty Over-the-head Headset W/boom Mic Earcup-mounted PTT with NRR of 24dB [Intrinsically Safe Option],Hvy-duty Over-the-head Headset W/boom Mic Earcup-mounted PTT with NRR of 24dB [Intrinsically Safe Option],TRUE,none,aak_product_data.product_category_kenwood_lmr_dealer_components
product_template_khs_11bl,KHS-11BL,"2-wire palm mic w/earphone, universal connector (Black)</p><p>[Intrinsically Safe Option]","2-wire palm mic w/earphone, universal connector (Black)",TRUE,none,aak_product_data.product_category_kenwood_lmr_dealer_components
product_template_khs_12bl,KHS-12BL,"3-wire mini lapel mic w/earphone, universal connector (Black)</p><p>Note: NOT compatible with TDMA operations</p><p>[Intrinsically Safe Option]","3-wire mini lapel mic w/earphone, universal connector (Black)",TRUE,none,aak_product_data.product_category_kenwood_lmr_dealer_components
product_template_khs_14c,KHS-14C,Lt. Wt. Single muff headset w/boom mic & In-line PTT</p><p>Note: Operating & Storage temperature is -4°F to 122°F (-20°C to 50°C),Lt. Wt. Single muff headset w/boom mic & In-line PTT,TRUE,none,aak_product_data.product_category_kenwood_lmr_dealer_components
product_template_khs_15dc_bh,KHS-15DC-BH,Hvy-duty behind-the-headset w/boom mic & earcup-mounted PTT with NRR of 24dB </p><p>[Intrinsically Safe Option],Hvy-duty behind-the-headset w/boom mic & earcup-mounted PTT with NRR of 24dB ,TRUE,none,aak_product_data.product_category_kenwood_lmr_dealer_components
product_template_khs_15d_oh,KHS-15D-OH,Hvy-duty noise reduction over-the-headset w/noise cancelling boom mic & PTT</p><p>[Intrinsically Safe Option],Hvy-duty noise reduction over-the-headset w/noise cancelling boom mic & PTT,TRUE,none,aak_product_data.product_category_kenwood_lmr_dealer_components
product_template_khs_22a,KHS-22A,Behind-the-Head Headset with flexible boom mic and in-line PTT single ear receiver (low profile wire head band)</p><p>[Intrinsically Safe Option],Behind-the-Head Headset with flexible boom mic and in-line PTT single ear receiver (low profile wire head band),TRUE,none,aak_product_data.product_category_kenwood_lmr_dealer_components
product_template_khs_26,KHS-26,Clip Mic w/earphone,Clip Mic w/earphone,TRUE,none,aak_product_data.product_category_kenwood_lmr_dealer_components
product_template_khs_27a,KHS-27A,D-Ring Ear Hanger w/PTT & Mic,D-Ring Ear Hanger w/PTT & Mic,TRUE,none,aak_product_data.product_category_kenwood_lmr_dealer_components
product_template_khs_31c,KHS-31C,C-Ring Ear Hanger w/PTT & Mic,C-Ring Ear Hanger w/PTT & Mic,TRUE,none,aak_product_data.product_category_kenwood_lmr_dealer_components
product_template_khs_7ac,KHS-7AC,Lt. Wt Single muff headset w/boom mic & in-line PTT</p><p>Note: Operating & Storage temperature is -4°F to 122°F (-20°C to 50°C),Lt. Wt Single muff headset w/boom mic & in-line PTT,TRUE,none,aak_product_data.product_category_kenwood_lmr_dealer_components
product_template_khs_7c,KHS-7C,Single muff headset w/boom mic no PTT</p><p>Note: Operating & Storage temperature is -4°F to 122°F (-20°C to 50°C),Single muff headset w/boom mic no PTT,TRUE,none,aak_product_data.product_category_kenwood_lmr_dealer_components
product_template_khs_8bl,KHS-8BL,Two-Wire palm mic w/earphone (black)</p><p>[Intrinsically Safe Option],Two-Wire palm mic w/earphone (black),TRUE,none,aak_product_data.product_category_kenwood_lmr_dealer_components
product_template_khs_9bl,KHS-9BL,Three-Wire lapel mic w/earphone (black)</p><p>Note: Available for Analog and NXDN (FDMA) only. NOT compatible with DMR (TDMA) operations.,Three-Wire lapel mic w/earphone (black),TRUE,none,aak_product_data.product_category_kenwood_lmr_dealer_components
product_template_klf_2,KLF-2,"Line Filter (suppresses alternator whine, 25dB, 25A max).","Line Filter (suppresses alternator whine, 25dB, 25A max).",TRUE,none,aak_product_data.product_category_kenwood_lmr_dealer_components
product_template_klh_137st,KLH-137ST,Firemen's Heavy-Duty Leather Shoulder Strap for a Heavy-Duty Leather Case,Firemen's Heavy-Duty Leather Shoulder Strap for a Heavy-Duty Leather Case,TRUE,none,aak_product_data.product_category_kenwood_lmr_dealer_components
product_template_klh_187,KLH-187,Nylon case for NX-1200/1300 srs,Nylon case for NX-1200/1300 srs,TRUE,none,aak_product_data.product_category_kenwood_lmr_dealer_components
product_template_klh_200k3,KLH-200K3,Heavy duty leather carrying case for NX-5000 series with KNB-L1/L2/L3/LS5CU</p><p>(for both keypad models),Heavy duty leather carrying case for NX-5000 series with KNB-L1/L2/L3/LS5CU,TRUE,none,aak_product_data.product_category_kenwood_lmr_dealer_components
product_template_klh_201k3,KLH-201K3,Nylon carrying case for NX-5000-series with KNB-L1/L2/L3/LS5CU</p><p>(for both keypad models),Nylon carrying case for NX-5000-series with KNB-L1/L2/L3/LS5CU,TRUE,none,aak_product_data.product_category_kenwood_lmr_dealer_components
product_template_klh_206k,KLH-206K,Heavy-Duty Leather Case w/Swivel Belt Loop for Basic Model,Heavy-Duty Leather Case w/Swivel Belt Loop for Basic Model,TRUE,none,aak_product_data.product_category_kenwood_lmr_dealer_components
product_template_klh_206k2,KLH-206K2,Heavy-Duty Leather Case w/Swivel Belt Loop for Standard Keypad Model,Heavy-Duty Leather Case w/Swivel Belt Loop for Standard Keypad Model,TRUE,none,aak_product_data.product_category_kenwood_lmr_dealer_components
product_template_klh_206k3,KLH-206K3,Heavy-Duty Leather Case w/Swivel Belt Loop for Full Keypad Model,Heavy-Duty Leather Case w/Swivel Belt Loop for Full Keypad Model,TRUE,none,aak_product_data.product_category_kenwood_lmr_dealer_components
product_template_klh_207k,KLH-207K,Nylon carrying case for Basic Model,Nylon carrying case for Basic Model,TRUE,none,aak_product_data.product_category_kenwood_lmr_dealer_components
product_template_klh_207k2,KLH-207K2,Nylon carrying case for Standard Keypad Model,Nylon carrying case for Standard Keypad Model,TRUE,none,aak_product_data.product_category_kenwood_lmr_dealer_components
product_template_klh_207k3,KLH-207K3,Nylon carrying case for Full Keypad Model,Nylon carrying case for Full Keypad Model,TRUE,none,aak_product_data.product_category_kenwood_lmr_dealer_components
product_template_klh_6sw,KLH-6SW,Leather swivel belt loop / detachable swivel D-Ring back,Leather swivel belt loop / detachable swivel D-Ring back,TRUE,none,aak_product_data.product_category_kenwood_lmr_dealer_components
product_template_kmb_10,KMB-10,Key lock adapter</p><p>Note: For mid power mobiles (NX-5700/5700B/5800/5800B/5900/5900B) only.,Key lock adapter,TRUE,none,aak_product_data.product_category_kenwood_lmr_dealer_components
product_template_kmb_16,KMB-16,Six Unit Charger Adapter for the KSC-16/20/24/25/25L chargers</p><p>(chargers not included),Six Unit Charger Adapter for the KSC-16/20/24/25/25L chargers,TRUE,none,aak_product_data.product_category_kenwood_lmr_dealer_components
product_template_kmb_23,KMB-23,Six Unit Charger Adapter for the KSC-16/20/24/25/25L/32 chargers</p><p>(chargers not included),Six Unit Charger Adapter for the KSC-16/20/24/25/25L/32 chargers,TRUE,none,aak_product_data.product_category_kenwood_lmr_dealer_components
product_template_kmb_28ak,KMB-28AK,Six Unit Charger Adapter for the KSC-35SK chargers</p><p>(chargers not included)</p><p>Note:  A supplied in-line AC-DC switching power supply with six DC plugs supply  installed KSC-xx charger bases. This unit is lower profile and less weight than similar Kenwood six unit charger adapters.,Six Unit Charger Adapter for the KSC-35SK chargers,TRUE,none,aak_product_data.product_category_kenwood_lmr_dealer_components
product_template_kmb_33m,KMB-33M,Mounting Bracket </p><p>Note: For mid power mobiles (NX-5700/5700B/5800/5800B/5900/5900B) only.,Mounting Bracket ,TRUE,none,aak_product_data.product_category_kenwood_lmr_dealer_components
product_template_kmb_34,KMB-34,Control Station Mounting Case for KPS-15 Power Supply with mobile</p><p>Note: For mid power mobiles (NX-5700/5700B/5800/5800B/5900/5900B) only.,Control Station Mounting Case for KPS-15 Power Supply with mobile,TRUE,none,aak_product_data.product_category_kenwood_lmr_dealer_components
product_template_kmb_36,KMB-36,Mounting Bracket</p><p>Note: For high power mobiles (NX-5600HB/5700HB) only.,Mounting Bracket,TRUE,none,aak_product_data.product_category_kenwood_lmr_dealer_components
product_template_kmb_526k,KMB-526K,Wall Mount Bracket for KSC-526K,Wall Mount Bracket for KSC-526K,TRUE,none,aak_product_data.product_category_kenwood_lmr_dealer_components
product_template_kmc_21a,KMC-21A,Compact speaker microphone</p><p>[Intrinsically Safe Option],Compact speaker microphone,TRUE,none,aak_product_data.product_category_kenwood_lmr_dealer_components
product_template_kmc_40,KMC-40,"MIL-SPEC, Speaker Mic. with Antenna Connector</p><p>Note:  5/16"" Coax cable hex wrench included (antenna is not included).</p><p>[Intrinsically Safe Option]","MIL-SPEC, Speaker Mic. with Antenna Connector",TRUE,none,aak_product_data.product_category_kenwood_lmr_dealer_components
product_template_kmc_45d,KMC-45D,"MIL-SPEC, IP54/55 Speaker microphone (Built-in 2.5mm miniature earphone jack)</p><p>Note: KMC-45 (Non D version) is not compatible with DMR (TDMA) operaiton.</p><p>[Intrinsically Safe Option]","MIL-SPEC, IP54/55 Speaker microphone (Built-in 2.5mm miniature earphone jack)",TRUE,none,aak_product_data.product_category_kenwood_lmr_dealer_components
product_template_kmc_49,KMC-49,"MIL-SPEC, Speaker Mic. with Antenna Connector</p><p>Note:  5/16"" Coax cable hex wrench included (antenna is not included).</p><p>[Intrinsically Safe Option]","MIL-SPEC, Speaker Mic. with Antenna Connector",TRUE,none,aak_product_data.product_category_kenwood_lmr_dealer_components
product_template_kmc_59c,KMC-59C,Control Station Desktop Microphone (8-pin mod. plug),Control Station Desktop Microphone (8-pin mod. plug),TRUE,none,aak_product_data.product_category_kenwood_lmr_dealer_components
product_template_kmc_65m,KMC-65M,MIL-SPEC Standard electret mobile microphone (8-pin mod. plug),MIL-SPEC Standard electret mobile microphone (8-pin mod. plug),TRUE,none,aak_product_data.product_category_kenwood_lmr_dealer_components
product_template_kmc_66m,KMC-66M,MIL-SPEC Standard electret mobile microphone with 12 keypad (8-pin mod. plug),MIL-SPEC Standard electret mobile microphone with 12 keypad (8-pin mod. plug),TRUE,none,aak_product_data.product_category_kenwood_lmr_dealer_components
product_template_kmc_70m,KMC-70M,"MIL-SPEC, IP54/55/67/68* Speaker Mic with Active Noise Reduction </p><p>Note: IP68 is avaialble only when used with NX-5000 series portable</p><p>[Intrinsically Safe Option]","MIL-SPEC, IP54/55/67/68* Speaker Mic with Active Noise Reduction ",TRUE,none,aak_product_data.product_category_kenwood_lmr_dealer_components
product_template_kmc_72w,KMC-72W,"MIL-SPEC, IP54/55/67 Noise-cancelling Speaker Mic</p><p>[Intrinsically Safe Option]","MIL-SPEC, IP54/55/67 Noise-cancelling Speaker Mic",TRUE,none,aak_product_data.product_category_kenwood_lmr_dealer_components
product_template_kmc_9c,KMC-9C,Control Station Desktop Microphone (8-pin mod. plug)</p><p>Note: NOT compatible with TDMA operations,Control Station Desktop Microphone (8-pin mod. plug),TRUE,none,aak_product_data.product_category_kenwood_lmr_dealer_components
product_template_knb_29n,KNB-29N,"1500 mAh, NiMH battery - requires KSC-43K charger","1500 mAh, NiMH battery - requires KSC-43K charger",TRUE,none,aak_product_data.product_category_kenwood_lmr_dealer_components
product_template_knb_45l,KNB-45L,"2000 mAh, Li-ion battery - requires KSC-35K/SK charger","2000 mAh, Li-ion battery - requires KSC-35K/SK charger",TRUE,none,aak_product_data.product_category_kenwood_lmr_dealer_components
product_template_knb_55lam,KNB-55LAM,"1480 mAh, Li-ion battery, IP67, battery only","1480 mAh, Li-ion battery, IP67, battery only",TRUE,none,aak_product_data.product_category_kenwood_lmr_dealer_components
product_template_knb_56n,KNB-56N,"1400 mAh, Ni-MH battery, IP67, battery only","1400 mAh, Ni-MH battery, IP67, battery only",TRUE,none,aak_product_data.product_category_kenwood_lmr_dealer_components
product_template_knb_57lam,KNB-57LAM,"2000 mAh, Li-ion battery, IP67, battery only, best for conventional mode operation","2000 mAh, Li-ion battery, IP67, battery only, best for conventional mode operation",TRUE,none,aak_product_data.product_category_kenwood_lmr_dealer_components
product_template_knb_69l,KNB-69L,"2550 mAh, Li-ion battery - requires KSC-35K/SK charger","2550 mAh, Li-ion battery - requires KSC-35K/SK charger",TRUE,none,aak_product_data.product_category_kenwood_lmr_dealer_components
product_template_knb_78lm,KNB-78LM,"2860 mAh, Li-ion battery, IP67, battery only, best for trunked mode operation","2860 mAh, Li-ion battery, IP67, battery only, best for trunked mode operation",TRUE,none,aak_product_data.product_category_kenwood_lmr_dealer_components
product_template_knb_79lcm,KNB-79LCM,"CSA US Intrinsically Safe Battery Li-ion 2860mAh, IP67, battery only</p><p>[Intrinsically Safe Option]","CSA US Intrinsically Safe Battery Li-ion 2860mAh, IP67, battery only",TRUE,none,aak_product_data.product_category_kenwood_lmr_dealer_components
product_template_knb_82lcm,KNB-82LCM,"CSA US Intrinsically Safe Battery Li-ion 1900mAh, battery only</p><p>[Intrinsically Safe Option]","CSA US Intrinsically Safe Battery Li-ion 1900mAh, battery only",TRUE,none,aak_product_data.product_category_kenwood_lmr_dealer_components
product_template_knb_84la,KNB-84LA,"1900 mAh, Li-ion battery (IEC 60529 - IP67) - requires KSC-35K/SK charger","1900 mAh, Li-ion battery (IEC 60529 - IP67) - requires KSC-35K/SK charger",TRUE,none,aak_product_data.product_category_kenwood_lmr_dealer_components
product_template_knb_l11m,KNB-L11M,Li-ion 3900mAh (High Capacity)</p><p>Note: The KNB-L11 battery requires NX-5x00 firmware 5.12 or newer,Li-ion 3900mAh (High Capacity),TRUE,none,aak_product_data.product_category_kenwood_lmr_dealer_components
product_template_knb_l1m,KNB-L1M,Li-ion 2000mAh (Compact Slim),Li-ion 2000mAh (Compact Slim),TRUE,none,aak_product_data.product_category_kenwood_lmr_dealer_components
product_template_knb_l2m,KNB-L2M,Li-ion 2600mAh (Standard),Li-ion 2600mAh (Standard),TRUE,none,aak_product_data.product_category_kenwood_lmr_dealer_components
product_template_knb_ls5cu,KNB-LS5CU,"CSA US Intrinsically Safe Battery Li-ion 2000mAh</p><p>Note:</p><p>Due to the I.S. circuitry on the KNB-LS5CU, the cells may lose charge during storage.   To prevent loss of capacity during storage, charge the battery</p><p>for 10 minutes at least every 4 months with the KSC-32, KSC-Y32K, KSC-52BK, KSC-326K, KSC-326AK or KSC-526K. [Intrinsically Safe Option]",CSA US Intrinsically Safe Battery Li-ion 2000mAh,TRUE,none,aak_product_data.product_category_kenwood_lmr_dealer_components
product_template_knb_ls7m,KNB-LS7M,"CSA US Intrinsically Safe Battery Li-ion 3800mAh</p><p>Note:</p><p>Due to the I.S. circuitry on the KNB-LS7M, the cells may lose charge during storage.   To prevent loss of capacity during storage, charge the battery</p><p>for 10 minutes at least every 4 months with the KSC-32, KSC-Y32K, KSC-52BK, KSC-326K, KSC-326AK or KSC-526K. [Intrinsically Safe Option]",CSA US Intrinsically Safe Battery Li-ion 3800mAh,TRUE,none,aak_product_data.product_category_kenwood_lmr_dealer_components
product_template_kpg_115,KPG-115,Encryption Key Loader Interface Cable for Motorola KVL-3000/3000 Plus/4000,Encryption Key Loader Interface Cable for Motorola KVL-3000/3000 Plus/4000,TRUE,none,aak_product_data.product_category_kenwood_lmr_dealer_components
product_template_kpg_115aut,KPG-115AUT,KVL-4000 Radio Authentication Cable</p><p>Note: Only capable for P25 Radio Authentication. Not available for Encryption Key Loading.,KVL-4000 Radio Authentication Cable,TRUE,none,aak_product_data.product_category_kenwood_lmr_dealer_components
product_template_kpg_22um,KPG-22UM,USB Programming interface cable,USB Programming interface cable,TRUE,none,aak_product_data.product_category_kenwood_lmr_dealer_components
product_template_kpg_36xm,KPG-36XM,Full Speed USB Programming interface cable</p><p>Note: This cable with USB mode may used for SD Card Direct Access.,Full Speed USB Programming interface cable,TRUE,none,aak_product_data.product_category_kenwood_lmr_dealer_components
product_template_kpg_46xm,KPG-46XM,Full Speed USB Programming interface cable</p><p>Note: This cable with USB mode may be used for SD Card Direct Access.,Full Speed USB Programming interface cable,TRUE,none,aak_product_data.product_category_kenwood_lmr_dealer_components
product_template_kpg_93,KPG-93,Encryption Key Loader Interface Cable for Motorola KVL-3000/3000 Plus/4000,Encryption Key Loader Interface Cable for Motorola KVL-3000/3000 Plus/4000,TRUE,none,aak_product_data.product_category_kenwood_lmr_dealer_components
product_template_kpg_93aut,KPG-93AUT,KVL-4000 Radio Authentication Cable</p><p>Note: Only capable for P25 Radio Authentication. Not available for Encryption Key Loading.,KVL-4000 Radio Authentication Cable,TRUE,none,aak_product_data.product_category_kenwood_lmr_dealer_components
product_template_kpg_ae1k,KPG-AE1K,AES/DES Encryption Software Key Loader for KWD-AE31K</p><p>Authentication by KPT-300LMC is required</p><p>Note: KPG-AE1 is a U.S. DOC/BIS Export Controlled Item (ECCN 5D002A).,AES/DES Encryption Software Key Loader for KWD-AE31K,TRUE,none,aak_product_data.product_category_kenwood_lmr_dealer_components
product_template_kpg_cln_14p,KPG-CLN-14P,"Portable-to-Portable Cloning Cable (14P:14P), 1m","Portable-to-Portable Cloning Cable (14P:14P), 1m",TRUE,none,aak_product_data.product_category_kenwood_lmr_dealer_components
product_template_kpg_cln_rj45,KPG-CLN-RJ45,"Mobile-to-Mobile Cloning Cable (RJ45:RJ45), 3m","Mobile-to-Mobile Cloning Cable (RJ45:RJ45), 3m",TRUE,none,aak_product_data.product_category_kenwood_lmr_dealer_components
product_template_kpg_d1nk,KPG-D1NK,License Key for KPG-D1NK</p><p>Programming Software for NX-5000 Portable/Mobile (Windows® Vista/7/8/8.1/10)  </p><p>Note: Requires KPT-300LMC for authentication,License Key for KPG-D1NK,TRUE,none,aak_product_data.product_category_kenwood_lmr_dealer_components
product_template_kpg_d3nk,KPG-D3NK,License Key for KPG-D3NK</p><p>Programming Software for NX-3000 Portable/Mobile</p><p>Note: Requires KPT-300LMC for authentication,License Key for KPG-D3NK,TRUE,none,aak_product_data.product_category_kenwood_lmr_dealer_components
product_template_kpg_d6nk,KPG-D6NK,License Key for KPG-D6NK</p><p>Programming Software for NX-1000 series portable/mobile</p><p>Note: Requires KPT-300LMC for authentication,License Key for KPG-D6NK,TRUE,none,aak_product_data.product_category_kenwood_lmr_dealer_components
product_template_kpg_d7k,KPG-D7K,Repeater Programming Software,Repeater Programming Software,TRUE,none,aak_product_data.product_category_kenwood_lmr_dealer_components
product_template_kpg_de1k,KPG-DE1K,DES Encryption Software Key Loader for KWD-AE31K</p><p>Authentication by KPT-300LMC is required</p><p>,DES Encryption Software Key Loader for KWD-AE31K,TRUE,none,aak_product_data.product_category_kenwood_lmr_dealer_components
product_template_kps_15,KPS-15,"DC Switching Power Supply (117/230 VAC; 23A max. continuous, 25A peak)","DC Switching Power Supply (117/230 VAC; 23A max. continuous, 25A peak)",TRUE,none,aak_product_data.product_category_kenwood_lmr_dealer_components
product_template_kpt_300lmc,KPT-300LMC,License Management Client (downloadable from MyTools website),License Management Client (downloadable from MyTools website),TRUE,none,aak_product_data.product_category_kenwood_lmr_dealer_components
product_template_kra_22m,KRA-22M,VHF low-profile helical antenna 148-162 MHz,VHF low-profile helical antenna 148-162 MHz,TRUE,none,aak_product_data.product_category_kenwood_lmr_dealer_components
product_template_kra_22m2,KRA-22M2,VHF low-profile helical antenna 162-174 MHz,VHF low-profile helical antenna 162-174 MHz,TRUE,none,aak_product_data.product_category_kenwood_lmr_dealer_components
product_template_kra_22m3,KRA-22M3,VHF low-profile helical antenna 136-150 MHz,VHF low-profile helical antenna 136-150 MHz,TRUE,none,aak_product_data.product_category_kenwood_lmr_dealer_components
product_template_kra_23m,KRA-23M,UHF low-profile helical antenna 450-490 MHz,UHF low-profile helical antenna 450-490 MHz,TRUE,none,aak_product_data.product_category_kenwood_lmr_dealer_components
product_template_kra_23m2,KRA-23M2,UHF low-profile helical antenna 470-520 MHz,UHF low-profile helical antenna 470-520 MHz,TRUE,none,aak_product_data.product_category_kenwood_lmr_dealer_components
product_template_kra_23m3,KRA-23M3,UHF low-profile helical antenna 403-430 MHz,UHF low-profile helical antenna 403-430 MHz,TRUE,none,aak_product_data.product_category_kenwood_lmr_dealer_components
product_template_kra_25,KRA-25,High gain VHF helically loaded whip antenna 148-162 MHz,High gain VHF helically loaded whip antenna 148-162 MHz,TRUE,none,aak_product_data.product_category_kenwood_lmr_dealer_components
product_template_kra_26m,KRA-26M,VHF helical antenna 146-162 MHz,VHF helical antenna 146-162 MHz,TRUE,none,aak_product_data.product_category_kenwood_lmr_dealer_components
product_template_kra_26m2,KRA-26M2,VHF helical antenna 162-174 MHz,VHF helical antenna 162-174 MHz,TRUE,none,aak_product_data.product_category_kenwood_lmr_dealer_components
product_template_kra_26m3,KRA-26M3,VHF helical antenna 136-150 MHz,VHF helical antenna 136-150 MHz,TRUE,none,aak_product_data.product_category_kenwood_lmr_dealer_components
product_template_kra_27m,KRA-27M,UHF whip antenna 440-490 MHz,UHF whip antenna 440-490 MHz,TRUE,none,aak_product_data.product_category_kenwood_lmr_dealer_components
product_template_kra_27m2,KRA-27M2,UHF whip antenna 470-520 MHz,UHF whip antenna 470-520 MHz,TRUE,none,aak_product_data.product_category_kenwood_lmr_dealer_components
product_template_kra_27m3,KRA-27M3,UHF whip antenna 400-450 MHz,UHF whip antenna 400-450 MHz,TRUE,none,aak_product_data.product_category_kenwood_lmr_dealer_components
product_template_kra_28,KRA-28,Broad-band VHF helically loaded whip antenna 140-170 MHz,Broad-band VHF helically loaded whip antenna 140-170 MHz,TRUE,none,aak_product_data.product_category_kenwood_lmr_dealer_components
product_template_kra_29,KRA-29,Broad Band UHF Whip Antenna 380-430 MHz,Broad Band UHF Whip Antenna 380-430 MHz,TRUE,none,aak_product_data.product_category_kenwood_lmr_dealer_components
product_template_kra_32k,KRA-32K,700/800 MHz Whip Antenna,700/800 MHz Whip Antenna,TRUE,none,aak_product_data.product_category_kenwood_lmr_dealer_components
product_template_kra_36,KRA-36,700/800 MHz Stubby Antenna,700/800 MHz Stubby Antenna,TRUE,none,aak_product_data.product_category_kenwood_lmr_dealer_components
product_template_kra_38k,KRA-38K,800/900 MHz Whip Antenna,800/900 MHz Whip Antenna,TRUE,none,aak_product_data.product_category_kenwood_lmr_dealer_components
product_template_kra_39,KRA-39,900 MHz Stubby Antenna,900 MHz Stubby Antenna,TRUE,none,aak_product_data.product_category_kenwood_lmr_dealer_components
product_template_kra_40gm,KRA-40GM,GPS Antenna,GPS Antenna,TRUE,none,aak_product_data.product_category_kenwood_lmr_dealer_components
product_template_kra_41m,KRA-41M,VHF stubby antenna 148-162 MHz,VHF stubby antenna 148-162 MHz,TRUE,none,aak_product_data.product_category_kenwood_lmr_dealer_components
product_template_kra_41m2,KRA-41M2,VHF stubby antenna 162-174 MHz,VHF stubby antenna 162-174 MHz,TRUE,none,aak_product_data.product_category_kenwood_lmr_dealer_components
product_template_kra_41m3,KRA-41M3,VHF stubby antenna 136-150 MHz,VHF stubby antenna 136-150 MHz,TRUE,none,aak_product_data.product_category_kenwood_lmr_dealer_components
product_template_kra_42m,KRA-42M,UHF stubby antenna 440-490 MHz,UHF stubby antenna 440-490 MHz,TRUE,none,aak_product_data.product_category_kenwood_lmr_dealer_components
product_template_kra_42m2,KRA-42M2,UHF stubby antenna 470-520 MHz,UHF stubby antenna 470-520 MHz,TRUE,none,aak_product_data.product_category_kenwood_lmr_dealer_components
product_template_kra_42m3,KRA-42M3,UHF stubby antenna 403-430 MHz,UHF stubby antenna 403-430 MHz,TRUE,none,aak_product_data.product_category_kenwood_lmr_dealer_components
product_template_krk_14hm,KRK-14HM,Control Head Interface Kit for KCH-19M,Control Head Interface Kit for KCH-19M,TRUE,none,aak_product_data.product_category_kenwood_lmr_dealer_components
product_template_krk_15bm,KRK-15BM,Control Head Remote Kit</p><p>Note: For mid power mobiles (NX-5700/5700B/5800/5800B/5900/5900B) only.,Control Head Remote Kit,TRUE,none,aak_product_data.product_category_kenwood_lmr_dealer_components
product_template_krk_18hm,KRK-18HM,Interface Kit for a Control Head,Interface Kit for a Control Head,TRUE,none,aak_product_data.product_category_kenwood_lmr_dealer_components
product_template_krk_19bm,KRK-19BM,Interface Kit for an RF Deck,Interface Kit for an RF Deck,TRUE,none,aak_product_data.product_category_kenwood_lmr_dealer_components
product_template_ksc_25lsk,KSC-25LSK,100~240 volt rapid rate single unit charger for </p><p>KNB-40LC(V)/55L/57L/68LC/78LM/79LCM Li-ion Battery,100~240 volt rapid rate single unit charger for ,TRUE,none,aak_product_data.product_category_kenwood_lmr_dealer_components
product_template_ksc_25sk,KSC-25SK,110 volt Rapid rate single unit charger for </p><p>KNB-26N/40LC(V)/55L/56N/57L/68LC/78LM/79LCM,110 volt Rapid rate single unit charger for ,TRUE,none,aak_product_data.product_category_kenwood_lmr_dealer_components
product_template_ksc_35sk,KSC-35SK,110~220 volt Fast rate single unit charger for KNB-45L/69L,110~220 volt Fast rate single unit charger for KNB-45L/69L,TRUE,none,aak_product_data.product_category_kenwood_lmr_dealer_components
product_template_ksc_43k,KSC-43K,110~220 volt Fast rate single unit charger for KNB-29N/45L/69L,110~220 volt Fast rate single unit charger for KNB-29N/45L/69L,TRUE,none,aak_product_data.product_category_kenwood_lmr_dealer_components
product_template_ksc_526k,KSC-526K,"Rapid rate 6-unit charger CEC Compliant</p><p>Note: Requires charging pocket KSC-52PBW and/or KSC-52PCW, and/or KSC-52PAW",Rapid rate 6-unit charger CEC Compliant,TRUE,none,aak_product_data.product_category_kenwood_lmr_dealer_components
product_template_ksc_52ak,KSC-52AK,Rapid rate single unit charger for the new KNB-L11 high capacity battery,Rapid rate single unit charger for the new KNB-L11 high capacity battery,TRUE,none,aak_product_data.product_category_kenwood_lmr_dealer_components
product_template_ksc_52bk,KSC-52BK,Rapid rate single unit charger for KNB-L1/KNB-L2/KNB-L3/KNB-LS5/KNB-LS7/KNB-33L/PB-45L/KNB-47L/KNB-48L/KNB-72LC/KNB-70LEX/KNB-41NC/KNB-50NC/KNB-54N,Rapid rate single unit charger for KNB-L1/KNB-L2/KNB-L3/KNB-LS5/KNB-LS7/KNB-33L/PB-45L/KNB-47L/KNB-48L/KNB-72LC/KNB-70LEX/KNB-41NC/KNB-50NC/KNB-54N,TRUE,none,aak_product_data.product_category_kenwood_lmr_dealer_components
product_template_ksc_52paw,KSC-52PAW,Charging pocket for KSC-526K and/or to convert the pocket style of a KSC-52 Single unit charger compatible with the KNB-L11 battery ,Charging pocket for KSC-526K and/or to convert the pocket style of a KSC-52 Single unit charger compatible with the KNB-L11 battery ,TRUE,none,aak_product_data.product_category_kenwood_lmr_dealer_components
product_template_ksc_52pbw,KSC-52PBW,"Charging pocket for KSC-526K and/or to convert the pocket style of a KSC-52 Single unit charger compatible with the KNB-L1, L2, L3, LS5 and LS7 batteries, and NX-205/305 and NX-210 series","Charging pocket for KSC-526K and/or to convert the pocket style of a KSC-52 Single unit charger compatible with the KNB-L1, L2, L3, LS5 and LS7 batteries, and NX-205/305 and NX-210 series",TRUE,none,aak_product_data.product_category_kenwood_lmr_dealer_components
product_template_ksc_52pcw,KSC-52PCW,Charging pocket for KSC-526K compatible with NX-3000 series,Charging pocket for KSC-526K compatible with NX-3000 series,TRUE,none,aak_product_data.product_category_kenwood_lmr_dealer_components
product_template_kvc_22,KVC-22,110~220 volt Fast rate DC vehicular charger adapter for KSC-35SK charger</p><p>(charger not included),110~220 volt Fast rate DC vehicular charger adapter for KSC-35SK charger,TRUE,none,aak_product_data.product_category_kenwood_lmr_dealer_components
product_template_kvc_23a,KVC-23A,"Rapid rate DC vehicular charger for TK-5x10/5x20, NX-5x00/x00/x10/x20, TK-x180, TK-x170, & TK-x360 portables with Lithium Ion /Lithium Polymer/NiMH packs only</p><p>Note: Compatible with KNB-L11 battery </p><p>","Rapid rate DC vehicular charger for TK-5x10/5x20, NX-5x00/x00/x10/x20, TK-x180, TK-x170, & TK-x360 portables with Lithium Ion /Lithium Polymer/NiMH packs only",TRUE,none,aak_product_data.product_category_kenwood_lmr_dealer_components
product_template_kvc_4,KVC-4,Vehicular charger adapter for the KSC-16/18/20/24/25SK chargers</p><p>(chargers not included) *KSC-25LSK is not compatible with KVC-4.,Vehicular charger adapter for the KSC-16/18/20/24/25SK chargers,TRUE,none,aak_product_data.product_category_kenwood_lmr_dealer_components
product_template_kwd_1200cak,KWD-1200CAK,License Key for NXDN Conventional Upgrade,License Key for NXDN Conventional Upgrade,TRUE,none,aak_product_data.product_category_kenwood_lmr_dealer_components
product_template_kwd_1201cd,KWD-1201CD,License Key for NXDN Conventional Conversion,License Key for NXDN Conventional Conversion,TRUE,none,aak_product_data.product_category_kenwood_lmr_dealer_components
product_template_kwd_1202tdk,KWD-1202TDK,License Key for NXDN Type-D Trunking,License Key for NXDN Type-D Trunking,TRUE,none,aak_product_data.product_category_kenwood_lmr_dealer_components
product_template_kwd_1300cak,KWD-1300CAK,License Key for DMR Tier2 Conventional Upgrade,License Key for DMR Tier2 Conventional Upgrade,TRUE,none,aak_product_data.product_category_kenwood_lmr_dealer_components
product_template_kwd_1301cn,KWD-1301CN,License Key for DMR Conventional Conversion,License Key for DMR Conventional Conversion,TRUE,none,aak_product_data.product_category_kenwood_lmr_dealer_components
product_template_kwd_1500ee,KWD-1500EE,License key for DMR ARC4 Enhanced Encryption</p><p>Note: ARC4 Enhanced Encryption is avaialble only in DMR mode.,License key for DMR ARC4 Enhanced Encryption,TRUE,none,aak_product_data.product_category_kenwood_lmr_dealer_components
product_template_kwd_1501rc,KWD-1501RC,License Key for Remote Control by Subscriber Unit</p><p>Note: </p><p>- This license may be used by Administrator due to Stun/Revive/Kill.</p><p>- The license is only required for transmition of Remote Control commands.</p><p>- PC command for Remote Control does NOT require the license. ,License Key for Remote Control by Subscriber Unit,TRUE,none,aak_product_data.product_category_kenwood_lmr_dealer_components
product_template_kwd_3000ch,KWD-3000CH,License Key for 1000 Channel Expansion,License Key for 1000 Channel Expansion,TRUE,none,aak_product_data.product_category_kenwood_lmr_dealer_components
product_template_kwd_3001fp,KWD-3001FP,License Key for Front Panel Programming,License Key for Front Panel Programming,TRUE,none,aak_product_data.product_category_kenwood_lmr_dealer_components
product_template_kwd_3002bt,KWD-3002BT,License Key for Bluetooth Data (Required for Data Communication)</p><p>Note: Voice Communication for Bluetooth Head Set does NOT require KWD-3002BT. You can pair with any Bluetooth audio device without this option.,License Key for Bluetooth Data (Required for Data Communication),TRUE,none,aak_product_data.product_category_kenwood_lmr_dealer_components
product_template_kwd_3301cv,KWD-3301CV,License Key for DMR Tier 2 Conventional,License Key for DMR Tier 2 Conventional,TRUE,none,aak_product_data.product_category_kenwood_lmr_dealer_components
product_template_kwd_3302tr,KWD-3302TR,License Key for DMR Tier 3 Trunking,License Key for DMR Tier 3 Trunking,TRUE,none,aak_product_data.product_category_kenwood_lmr_dealer_components
product_template_kwd_3501tr,KWD-3501TR,License Key for Digital Trunking (Includes NXDN Type-C and Type-C Gen2),License Key for Digital Trunking (Includes NXDN Type-C and Type-C Gen2),TRUE,none,aak_product_data.product_category_kenwood_lmr_dealer_components
product_template_kwd_3502ee,KWD-3502EE,License Key for DMR ARC4 Enhanced Encryption,License Key for DMR ARC4 Enhanced Encryption,TRUE,none,aak_product_data.product_category_kenwood_lmr_dealer_components
product_template_kwd_3503ae,KWD-3503AE,License Key for AES/DES Encryption</p><p>Note: </p><p>1. Factory Installation only. Must order L-5054.</p><p>2. Requires KPG-AE1/DE1 software key loader to encrypt. </p><p>3. KWD-3503AE is an U.S. DOC/BIS Export Controlled Item (ECCN 5A002A.1) Please see descriptions at the bottom.,License Key for AES/DES Encryption,TRUE,none,aak_product_data.product_category_kenwood_lmr_dealer_components
product_template_kwd_3504rc,KWD-3504RC,License Key for Remote Control by Subscriber Unit</p><p>Note: </p><p>- This license may be used by Administrator due to Stun/Revive/Kill.</p><p>- The license is only required for transmition of Remote Control commands.</p><p>- PC command for Remote Control does NOT require the license. ,License Key for Remote Control by Subscriber Unit,TRUE,none,aak_product_data.product_category_kenwood_lmr_dealer_components
product_template_kwd_3505de,KWD-3505DE,License Key for DES Encryption</p><p>Note: </p><p>Requires KPG-AE1/DE1 software key loader to load encryption keys,License Key for DES Encryption,TRUE,none,aak_product_data.product_category_kenwood_lmr_dealer_components
product_template_kwd_5000ch,KWD-5000CH,License Key for 4000 Channel Expansion,License Key for 4000 Channel Expansion,TRUE,none,aak_product_data.product_category_kenwood_lmr_dealer_components
product_template_kwd_5001fp,KWD-5001FP,License Key for Front Panel Programming,License Key for Front Panel Programming,TRUE,none,aak_product_data.product_category_kenwood_lmr_dealer_components
product_template_kwd_5002sd,KWD-5002SD,License Key for microSD Memory Card Slot Activation,License Key for microSD Memory Card Slot Activation,TRUE,none,aak_product_data.product_category_kenwood_lmr_dealer_components
product_template_kwd_5003bt,KWD-5003BT,License Key for Bluetooth Data (Required for Data Communication)</p><p>Note: Voice Communication for Bluetooth Head Set does NOT require KWD-5003BT.</p><p>You can pair with any Bluetooth audio device without this option.,License Key for Bluetooth Data (Required for Data Communication),TRUE,none,aak_product_data.product_category_kenwood_lmr_dealer_components
product_template_kwd_5004mr,KWD-5004MR,License Key for Multiple RF Decks Receiver</p><p>Note: Required ONLY for the radios with S/N: B5900000 or earlier.,License Key for Multiple RF Decks Receiver,TRUE,none,aak_product_data.product_category_kenwood_lmr_dealer_components
product_template_kwd_5007rc,KWD-5007RC,License Key for Remote Control by Subscriber Units</p><p>Note: </p><p>- P25 Mode is NOT available.</p><p>- This license may be used by Administrator due to Stun/Revive/Kill.</p><p>- The license is required for only Transmitting of Remote Control.</p><p>- PC command for Remote Control does NOT require the license. ,License Key for Remote Control by Subscriber Units,TRUE,none,aak_product_data.product_category_kenwood_lmr_dealer_components
product_template_kwd_5100cv,KWD-5100CV,License Key for P25 Conventional,License Key for P25 Conventional,TRUE,none,aak_product_data.product_category_kenwood_lmr_dealer_components
product_template_kwd_5101tr,KWD-5101TR,License Key for P25 Phase 1 Trunking (requires KWD-5100CV)</p><p>Note: Required for Link Layer Authentication,License Key for P25 Phase 1 Trunking (requires KWD-5100CV),TRUE,none,aak_product_data.product_category_kenwood_lmr_dealer_components
product_template_kwd_5102tr,KWD-5102TR,License Key for P25 Phase 2 Trunking (requires KWD-5100CV & KWD-5101TR)</p><p>,License Key for P25 Phase 2 Trunking (requires KWD-5100CV & KWD-5101TR),TRUE,none,aak_product_data.product_category_kenwood_lmr_dealer_components
product_template_kwd_5103rk,KWD-5103RK,License Key for P25 OTAR (requires KWD-5106DT for a Trunking Operation)</p><p>,License Key for P25 OTAR (requires KWD-5106DT for a Trunking Operation),TRUE,none,aak_product_data.product_category_kenwood_lmr_dealer_components
product_template_kwd_5105vt,KWD-5105VT,License Key for P25 Conventional Voting Scan,License Key for P25 Conventional Voting Scan,TRUE,none,aak_product_data.product_category_kenwood_lmr_dealer_components
product_template_kwd_5106dt,KWD-5106DT,License Key for P25 Trunking OTAR / GPS / OTAP</p><p>Note: Conventional (OTAR/GPS/OTAP) does NOT require KWD-5106DT.,License Key for P25 Trunking OTAR / GPS / OTAP,TRUE,none,aak_product_data.product_category_kenwood_lmr_dealer_components
product_template_kwd_5107ee,KWD-5107EE,License Key for P25 ARC4 Enhanced Encryption,License Key for P25 ARC4 Enhanced Encryption,TRUE,none,aak_product_data.product_category_kenwood_lmr_dealer_components
product_template_kwd_5201tr,KWD-5201TR,License Key for NXDN Type-C Trunking,License Key for NXDN Type-C Trunking,TRUE,none,aak_product_data.product_category_kenwood_lmr_dealer_components
product_template_kwd_5300cv,KWD-5300CV,License Key for DMR Tier 2 Conventional,License Key for DMR Tier 2 Conventional,TRUE,none,aak_product_data.product_category_kenwood_lmr_dealer_components
product_template_kwd_5301tr,KWD-5301TR,License Key for DMR Tier 3 Trunking (requires KWD-5300CV),License Key for DMR Tier 3 Trunking (requires KWD-5300CV),TRUE,none,aak_product_data.product_category_kenwood_lmr_dealer_components
product_template_kwd_5500ee,KWD-5500EE,License Key for DMR ARC4 Enhanced Encryption,License Key for DMR ARC4 Enhanced Encryption,TRUE,none,aak_product_data.product_category_kenwood_lmr_dealer_components
product_template_kwd_ae30k,KWD-AE30K,"AES FIPS140-2 Level 1 & DES Encryption Module (Multi-Key)</p><p>Order a Labor Code L-5003 if installation is required. (Eligible for warranty of IP67/68 immersion / Intrinsically Safe Option must be installed by Kenwood. If you order only a Module and perform Dealer Installation, IP67/68 Warranty Claim will not be eligible.) </p><p>KWD-AE30K requires: a Motorola KVL3000 Plus/4000 key loader device.</p><p>KWD-AE30K is an U.S. DOC/BIS Export Controlled Item (ECCN 5A002A.1).</p><p>Note:  Required for Link Layer Authentication</p><p>[Intrinsically Safe Option]- Must be Kenwood installed for I.S.",AES FIPS140-2 Level 1 & DES Encryption Module (Multi-Key),TRUE,none,aak_product_data.product_category_kenwood_lmr_dealer_components
product_template_kwd_ae31k,KWD-AE31K,"AES & DES Encryption Module (Multi-Key)</p><p>Order a Labor Code L-5004 if installation is required. (Eligible for warranty of IP67/68 immersion / Intrinsically Safe Option must be installed by Kenwood. If you order only a Module and perform Dealer Installation, IP67/68 Warranty Claim will not be eligible.) </p><p>Note: Requires KPG-AE1/DE1 software key loader or Motorola KVL3000 Plus/4000 key loader device. KWD-AE31K is an U.S. DOC/BIS Export Controlled Item (ECCN 5A002A.1)</p><p>Note:  Required for Link Layer Authentication</p><p>[Intrinsically Safe Option]- Must be Kenwood installed for I.S.",AES & DES Encryption Module (Multi-Key),TRUE,none,aak_product_data.product_category_kenwood_lmr_dealer_components
product_template_kwd_ask_ak,KWD-ASK-AK,Access Key for KPG-D1NK P25 trunked programming </p><p>Notes: Enables P25 Trunked system programming privileges in a KPG-D1NK.</p><p>• For NX-5000 series only. </p><p>• Must be activated by trunked system operator (SYSOP) with KWD-ASK-MK Master Key.</p><p>• Must have KPG-D1NK. </p><p>• Configurable expiration period of KWD-ASK-AK set by KWD-ASK-MK is available for 3 years for built in battery. USB Key must be replaced since the expiration set up dose not work after 3 years.,Access Key for KPG-D1NK P25 trunked programming ,TRUE,none,aak_product_data.product_category_kenwood_lmr_dealer_components
product_template_kwd_ask_mk,KWD-ASK-MK,Master Key for activating KWD-ASK-AK Access Keys </p><p>- Restricted Purchase Requirements -</p><p>Notes:</p><p>• For NX-5000 series only.</p><p>• Sold to trunked system operator (SYSOP) or SYSOP authorized entities only</p><p>• Must have KPG-D1NK.</p><p>• SYSOP must provide 3-digit HEX HSID to Kenwood with P25 Trunking System Keys Request Form placed on Kenwood Tools.</p><p>• Purchase KWD-ASK-AK Access Keys if needed.,Master Key for activating KWD-ASK-AK Access Keys ,TRUE,none,aak_product_data.product_category_kenwood_lmr_dealer_components
product_template_kwd_nx10dck,KWD-NX10DCK,License Key for DMR Tier 2 Conventional,License Key for DMR Tier 2 Conventional,TRUE,none,aak_product_data.product_category_kenwood_lmr_dealer_components
product_template_kwd_nx10msk,KWD-NX10MSK,License Key for Multi-site & RF Link,License Key for Multi-site & RF Link,TRUE,none,aak_product_data.product_category_kenwood_lmr_dealer_components
product_template_kwd_nx10nck,KWD-NX10NCK,License Key for NXDN Conventional,License Key for NXDN Conventional,TRUE,none,aak_product_data.product_category_kenwood_lmr_dealer_components
product_template_kwd_nx10spk,KWD-NX10SPK,License Key for SIP Telephone Interface (NXDN and DMR only),License Key for SIP Telephone Interface (NXDN and DMR only),TRUE,none,aak_product_data.product_category_kenwood_lmr_dealer_components
product_template_kwd_nx10vrk,KWD-NX10VRK,Voting Repeater License,Voting Repeater License,TRUE,none,aak_product_data.product_category_kenwood_lmr_dealer_components
product_template_kwd_ofl_usb,KWD-OFL-USB,USB License Storage Hardware key for Radio Feature License</p><p>Note: </p><p>- Must purchase Radio Feature Licenses separately.</p><p>- Can be used with only one (1) KPT-300LMC Account Registration Key.</p><p>- Requires KPT-300LMC V1.10 or higher.</p><p>- Cancellation rule is different from standard Online/Offline Authentication. Please refer to a leaflet bundled with KWD-OFL-USB.</p><p></p><p>Warranty Information:</p><p>- Damaged USB License Storage “KWD-OFL-USB”</p><p>a. Remaining Licenses will not be warranted.</p><p>b. Licenses not uploaded to the License Management Server will not be warranted.,USB License Storage Hardware key for Radio Feature License,TRUE,none,aak_product_data.product_category_kenwood_lmr_dealer_components
product_template_kwd_yh_3000p,KWD-YH-3000P,"High Visibility Green Housing Kit for NX-3x20 series Standard Key Portables</p><p>Must order L-5068 for Factory Install. Eligible for warranty of IP67 immersion only when factory installed with L-5068.</p><p>Note: If you order only housing and perform Dealer Installation, IP67 Warranty Claim will not be eligible. </p><p>Note: Coloring of housing changed to High Visibility Green after Nov 2021 production. Original yellow is no longer available.",High Visibility Green Housing Kit for NX-3x20 series Standard Key Portables,TRUE,none,aak_product_data.product_category_kenwood_lmr_dealer_components
product_template_kwd_yh_3000u,KWD-YH-3000U,"High Visibility Green Housing Kit for NX-3x00 series Standard Key Portables</p><p>Must order L-5068 for Factory Install. Eligible for warranty of IP67 immersion only when factory installed with L-5068.</p><p>Note: If you order only housing and perform Dealer Installation, IP67 Warranty Claim will not be eligible. </p><p>Note: Coloring of housing changed to High Visibility Green after Nov 2021 production. Original yellow is no longer available.",High Visibility Green Housing Kit for NX-3x00 series Standard Key Portables,TRUE,none,aak_product_data.product_category_kenwood_lmr_dealer_components
product_template_kwd_yh_5000,KWD-YH-5000,"Yellow Housing Kit for NX-5000 series Portables (Standard Key Model K2/K5 Only)</p><p>Order L-5024 for Factory Install. (Eligible for warranty of IP67/68 immersion / Intrinsically Safe Option must be installed by Kenwood.)</p><p>Note: If you order only housing and perform Dealer Installation, IP67/68 Warranty Claim will not be eligible. ",Yellow Housing Kit for NX-5000 series Portables (Standard Key Model K2/K5 Only),TRUE,none,aak_product_data.product_category_kenwood_lmr_dealer_components
product_template_l_1849,L-1849,"FSFS++  Forest Service Feature Set - Field Installation</p><p>Adds Tactical Zone improvements and Analog Conv & P25 Conv Zone Cloning</p><p>Note: Purchase per application - provided as Custom FW for unlimited radios</p><p>To PLACE AN ORDER, submit “Kenwood LMR Customization Application” form along with your PO  via email (lmr-customs@us.jvckenwood.com) </p><p></p><p>• This feature set is provided as custom firmware based on V4.21.00 firmware. </p><p>• Feature set is applicable for analog conventional / P25 conventional modes only.</p><p>• Feature set does not support Mobile multi-deck configuration.</p><p>• Feature set will not work with any other firmware options or customized firmware.</p><p>• Custom firmware is not eligible for warranty compensation. ",FSFS++  Forest Service Feature Set - Field Installation,TRUE,none,aak_product_data.product_category_kenwood_lmr_dealer_components
product_template_l_1873,L-1873,NX-1000 Series Mobiles Programming (with basic TX/RX check)</p><p>Must submit NX-x000 Series Programming Order Form upon placing order for any programming services,NX-1000 Series Mobiles Programming (with basic TX/RX check),TRUE,none,aak_product_data.product_category_kenwood_lmr_dealer_components
product_template_l_1874,L-1874,Install Garmin GPS15XL-W in NX-1000 Series mobile</p><p>Note: The KGS-3 & GPS15XL-W are not compatible with KGP-2A/2B AVL systems.,Install Garmin GPS15XL-W in NX-1000 Series mobile,TRUE,none,aak_product_data.product_category_kenwood_lmr_dealer_components
product_template_l_1900,L-1900,Factory Activation of NXR-1x00 Feature Licenses (per Repeater)</p><p>Note: Must purchase Repeater Feature Licenses separately.</p><p>KPT-300LMC's History Menu will not display the Repeater Features activated by Factory.,Factory Activation of NXR-1x00 Feature Licenses (per Repeater),TRUE,none,aak_product_data.product_category_kenwood_lmr_dealer_components
product_template_l_5000,L-5000,"KPT-300LMC Account Registration Key</p><p>Note: Must submit ""KPT-300LMC - Account Request Form"" to Land Mobile Order Desk. </p><p>Please find and download form from KENWOOD MyTools website > Product > Forms",KPT-300LMC Account Registration Key,TRUE,none,aak_product_data.product_category_kenwood_lmr_dealer_components
product_template_l_5001,L-5001,Factory Activation of Radio Feature Licenses (per Radio)</p><p>Note: Must purchase Radio Feature Licenses separately.</p><p>KPT-300LMC's History Menu will not display the Radio Features activated by Factory.,Factory Activation of Radio Feature Licenses (per Radio),TRUE,none,aak_product_data.product_category_kenwood_lmr_dealer_components
product_template_l_5002,L-5002,NX-5200/5300/5400 Programming (with basic TX/RX check)</p><p>Must submit NX-x000 Series Programming Order Form upon placing order for any programming services.,NX-5200/5300/5400 Programming (with basic TX/RX check),TRUE,none,aak_product_data.product_category_kenwood_lmr_dealer_components
product_template_l_5003,L-5003,Install KWD-AE30K in NX-5000 series Portable </p><p>(Must purchase module separately),Install KWD-AE30K in NX-5000 series Portable ,TRUE,none,aak_product_data.product_category_kenwood_lmr_dealer_components
product_template_l_5004,L-5004,Install KWD-AE31K in NX-5000 series Portable </p><p>(Must purchase module separately),Install KWD-AE31K in NX-5000 series Portable ,TRUE,none,aak_product_data.product_category_kenwood_lmr_dealer_components
product_template_l_5005,L-5005,KPG-D1NK System Key File (SKF)</p><p>Note: Enables P25 Trunked system programming privileges in a KPG-D1NK.</p><p>- Restricted Purchase Requirements -</p><p>• Trunked system operator (SYSOP) must provide 3-digit HEX HSID to Kenwood with P25 Trunking System Keys Request Form placed on Kenwood Tools.</p><p>• Must have KPG-D1NK.</p><p>• Kenwood ships an encrypted  *.SKF file via E-Mail to the address provided on the  P25 Trunking System Keys Request Form placed on Kenwood Tools.</p><p>• Non-SYSOP entities ordering L-5005 must provide verifiable written authorization from SYSOP to receive an *.SKF file.</p><p>• 3-digit HEX HSID are securely encrypted & embedded in the *.SKF file.</p><p>,KPG-D1NK System Key File (SKF),TRUE,none,aak_product_data.product_category_kenwood_lmr_dealer_components
product_template_l_5006,L-5006,NX-5000 Mobile Programming (with basic TX/RX check),NX-5000 Mobile Programming (with basic TX/RX check),TRUE,none,aak_product_data.product_category_kenwood_lmr_dealer_components
product_template_l_5007,L-5007,Install KWD-AE30K in NX-5000 series Mobile </p><p>(Must purchase module separately),Install KWD-AE30K in NX-5000 series Mobile ,TRUE,none,aak_product_data.product_category_kenwood_lmr_dealer_components
product_template_l_5008,L-5008,Install KWD-AE31K in NX-5000 series Mobile </p><p>(Must purchase module separately),Install KWD-AE31K in NX-5000 series Mobile ,TRUE,none,aak_product_data.product_category_kenwood_lmr_dealer_components
product_template_l_5015,L-5015,"Install KAP-2 (Default) HR1/INTERNAL Sp./PA.</p><p>Note: This labor code is only for individual orders for mobile configuration. The labor code (L-5032, 5034, and 5036) for Multi RF Deck Configuration Package includes installation of KAP-2. ",Install KAP-2 (Default) HR1/INTERNAL Sp./PA.,TRUE,none,aak_product_data.product_category_kenwood_lmr_dealer_components
product_template_l_5019,L-5019,"Install KAP-2 (Default) HR1/EXTERNAL Sp./PA.</p><p>Note: This labor code is only for individual orders for mobile configuration. The labor code (L-5032, 5034, and 5036) for Multi RF Deck Configuration Package includes installation of KAP-2. ",Install KAP-2 (Default) HR1/EXTERNAL Sp./PA.,TRUE,none,aak_product_data.product_category_kenwood_lmr_dealer_components
product_template_l_5024,L-5024,Assemble Yellow Housing KWD-YH-5000 with NX-5000 series Portable,Assemble Yellow Housing KWD-YH-5000 with NX-5000 series Portable,TRUE,none,aak_product_data.product_category_kenwood_lmr_dealer_components
product_template_l_5029,L-5029,Factory Assembly & Factory Packing for Single Head Remote Kit and Radio,Factory Assembly & Factory Packing for Single Head Remote Kit and Radio,TRUE,none,aak_product_data.product_category_kenwood_lmr_dealer_components
product_template_l_5030,L-5030,Factory Assembly & Factory Packing for Dual Head Remote Kit and Radio,Factory Assembly & Factory Packing for Dual Head Remote Kit and Radio,TRUE,none,aak_product_data.product_category_kenwood_lmr_dealer_components
product_template_l_5031,L-5031,Factory Assembly & Factory Packing for Single Head Remote Kit and Dual Deck Radio,Factory Assembly & Factory Packing for Single Head Remote Kit and Dual Deck Radio,TRUE,none,aak_product_data.product_category_kenwood_lmr_dealer_components
product_template_l_5032,L-5032,Factory Assembly & Factory Packing for Single Head / Dual Deck / Ext. Speakers,Factory Assembly & Factory Packing for Single Head / Dual Deck / Ext. Speakers,TRUE,none,aak_product_data.product_category_kenwood_lmr_dealer_components
product_template_l_5033,L-5033,Factory Assembly & Factory Packing for Dual Head and Dual Deck Radio,Factory Assembly & Factory Packing for Dual Head and Dual Deck Radio,TRUE,none,aak_product_data.product_category_kenwood_lmr_dealer_components
product_template_l_5034,L-5034,Factory Assembly & Factory Packing for Dual Head / Dual Deck / Ext. Speakers,Factory Assembly & Factory Packing for Dual Head / Dual Deck / Ext. Speakers,TRUE,none,aak_product_data.product_category_kenwood_lmr_dealer_components
product_template_l_5035,L-5035,Factory Assembly & Factory Packing for Single Head Remote and Triple Deck Radio,Factory Assembly & Factory Packing for Single Head Remote and Triple Deck Radio,TRUE,none,aak_product_data.product_category_kenwood_lmr_dealer_components
product_template_l_5037,L-5037,Factory Assembly & Factory Packing for Dual Head and Triple Deck Radio</p><p>,Factory Assembly & Factory Packing for Dual Head and Triple Deck Radio,TRUE,none,aak_product_data.product_category_kenwood_lmr_dealer_components
product_template_l_5039,L-5039,Configure NX-5200/5300/5400 for CSA US Intrinsically Safe</p><p>Must order KNB-LS5CU or KNB-LS7M I.S. battery,Configure NX-5200/5300/5400 for CSA US Intrinsically Safe,TRUE,none,aak_product_data.product_category_kenwood_lmr_dealer_components
product_template_l_5051,L-5051,P25 CAP Compliance of Non-Encrypted Radio - Disable Built-in DES,P25 CAP Compliance of Non-Encrypted Radio - Disable Built-in DES,TRUE,none,aak_product_data.product_category_kenwood_lmr_dealer_components
product_template_l_5052,L-5052,NX-3000 Series Portables  Programming (with basic TX/RX check)</p><p>Must submit NX-x000 Series Programming Order Form upon placing order for any programming services.,NX-3000 Series Portables  Programming (with basic TX/RX check),TRUE,none,aak_product_data.product_category_kenwood_lmr_dealer_components
product_template_l_5053,L-5053,NX-3720HG/3820HG/3920G/3921G Programming (with basic TX/RX check),NX-3720HG/3820HG/3920G/3921G Programming (with basic TX/RX check),TRUE,none,aak_product_data.product_category_kenwood_lmr_dealer_components
product_template_l_5054,L-5054,Installation AES/DES for NX-3000 Portable/Mobile,Installation AES/DES for NX-3000 Portable/Mobile,TRUE,none,aak_product_data.product_category_kenwood_lmr_dealer_components
product_template_l_5062,L-5062,Configure NX-3000 series for CSA US Intrinsically Safe</p><p>Note: NX-3000 series I.S. radios must be used with matching I.S. battery KNB-79LCM.,Configure NX-3000 series for CSA US Intrinsically Safe,TRUE,none,aak_product_data.product_category_kenwood_lmr_dealer_components
product_template_l_5068,L-5068,Assemble Color Housing KWD-YH-3000U/P with NX-3000 series Portable,Assemble Color Housing KWD-YH-3000U/P with NX-3000 series Portable,TRUE,none,aak_product_data.product_category_kenwood_lmr_dealer_components
product_template_l_5075,L-5075,NX-1000 Series Portables  Programming (with basic TX/RX check)</p><p>Must submit NX-x000 Series Programming Order Form upon placing order for any programming services.,NX-1000 Series Portables  Programming (with basic TX/RX check),TRUE,none,aak_product_data.product_category_kenwood_lmr_dealer_components
product_template_l_5077,L-5077,FSFS++ Forest Service Feature Set - Factory Installation</p><p>Adds Tactical Zone improvements and Analog Conv & P25 Conv Zone Cloning</p><p>Note: Must purchase per Radio</p><p>• This feature set is provided by custom firmware based on V4.21.00 firmware. </p><p>• Feature set is applicable for analog conventional / P25 conventional modes only.</p><p>• Feature set does not support mobile multi-deck configuration. </p><p>• Feature set will not work with any other firmware options or customized firmware. </p><p>• Custom firmware is not eligible for warranty compensation.,FSFS++ Forest Service Feature Set - Factory Installation,TRUE,none,aak_product_data.product_category_kenwood_lmr_dealer_components
product_template_l_836,L-836,Assemble KMB-16 with six KSC-25/25L,Assemble KMB-16 with six KSC-25/25L,TRUE,none,aak_product_data.product_category_kenwood_lmr_dealer_components
product_template_l_961,L-961,"Assemble KMB-23 with six KSC-24/25/25L/32 (Rapid Rate, 120 Volt versions only)","Assemble KMB-23 with six KSC-24/25/25L/32 (Rapid Rate, 120 Volt versions only)",TRUE,none,aak_product_data.product_category_kenwood_lmr_dealer_components
product_template_nx_1200avbk,NX-1200AVBK,"VHF (136-174MHz), 5W, 64 CH, Basic, Analog","VHF (136-174MHz), 5W, 64 CH, Basic, Analog",TRUE,none,aak_product_data.product_category_kenwood_lmr_dealer_components
product_template_nx_1200avbk2,NX-1200AVBK2,"VHF (136-174MHz), 5W, 260 CH, LCD & Standard Keypad, Analog","VHF (136-174MHz), 5W, 260 CH, LCD & Standard Keypad, Analog",TRUE,none,aak_product_data.product_category_kenwood_lmr_dealer_components
product_template_nx_1200dvbk,NX-1200DVBK,"VHF (136-174MHz), 5W, 64 CH, Basic Model, DMR/Analog","VHF (136-174MHz), 5W, 64 CH, Basic Model, DMR/Analog",TRUE,none,aak_product_data.product_category_kenwood_lmr_dealer_components
product_template_nx_1200dvbk2,NX-1200DVBK2,"VHF (136-174MHz), 5W, 260 CH, LCD & Standard Keypad, DMR/Analog","VHF (136-174MHz), 5W, 260 CH, LCD & Standard Keypad, DMR/Analog",TRUE,none,aak_product_data.product_category_kenwood_lmr_dealer_components
product_template_nx_1200dvk3,NX-1200DVK3,"VHF (136-174MHz), 5W, 260 CH, Full Keypad Model, DMR/Analog","VHF (136-174MHz), 5W, 260 CH, Full Keypad Model, DMR/Analog",TRUE,none,aak_product_data.product_category_kenwood_lmr_dealer_components
product_template_nx_1200_iscdbk,NX-1200-ISCDBK,"VHF (136-174MHz), 5W, 64 CH, Basic Model, DMR/Analog</p><p>Note: Can be used in Class I Gas Environment only","VHF (136-174MHz), 5W, 64 CH, Basic Model, DMR/Analog",TRUE,none,aak_product_data.product_category_kenwood_lmr_dealer_components
product_template_nx_1200_iscdbk2,NX-1200-ISCDBK2,"VHF (136-174MHz), 5W, 260 CH, LCD & Standard Keypad, DMR/Analog</p><p>Note: Can be used in Class I Gas Environment only","VHF (136-174MHz), 5W, 260 CH, LCD & Standard Keypad, DMR/Analog",TRUE,none,aak_product_data.product_category_kenwood_lmr_dealer_components
product_template_nx_1200_iscnbk,NX-1200-ISCNBK,"VHF (136-174MHz), 5W, 64 CH, Basic Model, NXDN/Analog</p><p>Note: Can be used in Class I Gas Environment only","VHF (136-174MHz), 5W, 64 CH, Basic Model, NXDN/Analog",TRUE,none,aak_product_data.product_category_kenwood_lmr_dealer_components
product_template_nx_1200_iscnbk2,NX-1200-ISCNBK2,"VHF (136-174MHz), 5W, 260 CH, LCD & Standard Keypad, NXDN/Analog</p><p>Note: Can be used in Class I Gas Environment only","VHF (136-174MHz), 5W, 260 CH, LCD & Standard Keypad, NXDN/Analog",TRUE,none,aak_product_data.product_category_kenwood_lmr_dealer_components
product_template_nx_1200nvbk,NX-1200NVBK,"VHF (136-174MHz), 5W, 64 CH, Basic Model, NXDN/Analog","VHF (136-174MHz), 5W, 64 CH, Basic Model, NXDN/Analog",TRUE,none,aak_product_data.product_category_kenwood_lmr_dealer_components
product_template_nx_1200nvbk2,NX-1200NVBK2,"VHF (136-174MHz), 5W, 260 CH, LCD & Standard Keypad, NXDN/Analog","VHF (136-174MHz), 5W, 260 CH, LCD & Standard Keypad, NXDN/Analog",TRUE,none,aak_product_data.product_category_kenwood_lmr_dealer_components
product_template_nx_1200nvk3,NX-1200NVK3,"VHF (136-174MHz), 5W, 260 CH, LCD & Full Keypad, NXDN/Analog","VHF (136-174MHz), 5W, 260 CH, LCD & Full Keypad, NXDN/Analog",TRUE,none,aak_product_data.product_category_kenwood_lmr_dealer_components
product_template_nx_1202avbk,NX-1202AVBK,"VHF (136-174MHz), 2W, 64 CH, Basic Model, Analog","VHF (136-174MHz), 2W, 64 CH, Basic Model, Analog",TRUE,none,aak_product_data.product_category_kenwood_lmr_dealer_components
product_template_nx_1300aubk,NX-1300AUBK,"UHF (450-520MHz), 5W, 64 CH, Basic, Analog","UHF (450-520MHz), 5W, 64 CH, Basic, Analog",TRUE,none,aak_product_data.product_category_kenwood_lmr_dealer_components
product_template_nx_1300aubk2,NX-1300AUBK2,"UHF (450-520 MHz), 5W, 260 CH, LCD & Standard Keypad,Analog","UHF (450-520 MHz), 5W, 260 CH, LCD & Standard Keypad,Analog",TRUE,none,aak_product_data.product_category_kenwood_lmr_dealer_components
product_template_nx_1300aubk4,NX-1300AUBK4,"UHF (400-470MHz), 5W, 64 CH, Basic, Analog","UHF (400-470MHz), 5W, 64 CH, Basic, Analog",TRUE,none,aak_product_data.product_category_kenwood_lmr_dealer_components
product_template_nx_1300aubk5,NX-1300AUBK5,"UHF (400-470 MHz), 5W, 260 CH, LCD & Standard Keypad, Analog","UHF (400-470 MHz), 5W, 260 CH, LCD & Standard Keypad, Analog",TRUE,none,aak_product_data.product_category_kenwood_lmr_dealer_components
product_template_nx_1300dubk,NX-1300DUBK,"UHF (450-520MHz), 5W, 64 CH, Basic Model, DMR/Analog","UHF (450-520MHz), 5W, 64 CH, Basic Model, DMR/Analog",TRUE,none,aak_product_data.product_category_kenwood_lmr_dealer_components
product_template_nx_1300dubk2,NX-1300DUBK2,"UHF (450-520MHz), 5W, 260 CH, LCD & Standard Keypad, DMR/Analog","UHF (450-520MHz), 5W, 260 CH, LCD & Standard Keypad, DMR/Analog",TRUE,none,aak_product_data.product_category_kenwood_lmr_dealer_components
product_template_nx_1300dubk4,NX-1300DUBK4,"UHF (400-470MHz), 5W, 64 CH, Basic Model, DMR/Analog","UHF (400-470MHz), 5W, 64 CH, Basic Model, DMR/Analog",TRUE,none,aak_product_data.product_category_kenwood_lmr_dealer_components
product_template_nx_1300dubk5,NX-1300DUBK5,"UHF (400-470MHz), 5W, 260 CH, LCD & Standard Keypad, DMR/Analog","UHF (400-470MHz), 5W, 260 CH, LCD & Standard Keypad, DMR/Analog",TRUE,none,aak_product_data.product_category_kenwood_lmr_dealer_components
product_template_nx_1300duk3,NX-1300DUK3,"UHF (450-520MHz), 5W, 260 CH, Full Keypad Model, DMR/Analog","UHF (450-520MHz), 5W, 260 CH, Full Keypad Model, DMR/Analog",TRUE,none,aak_product_data.product_category_kenwood_lmr_dealer_components
product_template_nx_1300duk6,NX-1300DUK6,"UHF (400-470MHz), 5W, 260 CH, Full Keypad Model, DMR/Analog","UHF (400-470MHz), 5W, 260 CH, Full Keypad Model, DMR/Analog",TRUE,none,aak_product_data.product_category_kenwood_lmr_dealer_components
product_template_nx_1300_iscdbk,NX-1300-ISCDBK,"UHF (450-520MHz), 5W, 64 CH, Basic Model, DMR/Analog</p><p>Note: Can be used in Class I Gas Environment only","UHF (450-520MHz), 5W, 64 CH, Basic Model, DMR/Analog",TRUE,none,aak_product_data.product_category_kenwood_lmr_dealer_components
product_template_nx_1300_iscdbk2,NX-1300-ISCDBK2,"UHF (450-520MHz), 5W, 260 CH, LCD & Standard Keypad, DMR/Analog</p><p>Note: Can be used in Class I Gas Environment only","UHF (450-520MHz), 5W, 260 CH, LCD & Standard Keypad, DMR/Analog",TRUE,none,aak_product_data.product_category_kenwood_lmr_dealer_components
product_template_nx_1300_iscdbk4,NX-1300-ISCDBK4,"UHF (400-470MHz), 5W, 64 CH, Basic Model, DMR/Analog</p><p>Note: Can be used in Class I Gas Environment only","UHF (400-470MHz), 5W, 64 CH, Basic Model, DMR/Analog",TRUE,none,aak_product_data.product_category_kenwood_lmr_dealer_components
product_template_nx_1300_iscdbk5,NX-1300-ISCDBK5,"UHF (400-470MHz), 5W, 260 CH, LCD & Standard Keypad, DMR/Analog</p><p>Note: Can be used in Class I Gas Environment only","UHF (400-470MHz), 5W, 260 CH, LCD & Standard Keypad, DMR/Analog",TRUE,none,aak_product_data.product_category_kenwood_lmr_dealer_components
product_template_nx_1300_iscnbk,NX-1300-ISCNBK,"UHF (450-520MHz), 5W, 64 CH, Basic Model, NXDN/Analog</p><p>Note: Can be used in Class I Gas Environment only","UHF (450-520MHz), 5W, 64 CH, Basic Model, NXDN/Analog",TRUE,none,aak_product_data.product_category_kenwood_lmr_dealer_components
product_template_nx_1300_iscnbk2,NX-1300-ISCNBK2,"UHF (450-520MHz), 5W, 260 CH, LCD & Standard Keypad, NXDN/Analog</p><p>Note: Can be used in Class I Gas Environment only","UHF (450-520MHz), 5W, 260 CH, LCD & Standard Keypad, NXDN/Analog",TRUE,none,aak_product_data.product_category_kenwood_lmr_dealer_components
product_template_nx_1300_iscnbk4,NX-1300-ISCNBK4,"UHF (400-470MHz), 5W, 64 CH, Basic Model, NXDN/Analog</p><p>Note: Can be used in Class I Gas Environment only","UHF (400-470MHz), 5W, 64 CH, Basic Model, NXDN/Analog",TRUE,none,aak_product_data.product_category_kenwood_lmr_dealer_components
product_template_nx_1300_iscnbk5,NX-1300-ISCNBK5,"UHF (400-470MHz), 5W, 260 CH, LCD & Standard Keypad, NXDN/Analog</p><p>Note: Can be used in Class I Gas Environment only","UHF (400-470MHz), 5W, 260 CH, LCD & Standard Keypad, NXDN/Analog",TRUE,none,aak_product_data.product_category_kenwood_lmr_dealer_components
product_template_nx_1300nubk,NX-1300NUBK,"UHF (450-520MHz), 5W, 64 CH, Basic Model, NXDN/Analog","UHF (450-520MHz), 5W, 64 CH, Basic Model, NXDN/Analog",TRUE,none,aak_product_data.product_category_kenwood_lmr_dealer_components
product_template_nx_1300nubk2,NX-1300NUBK2,"UHF (450-520MHz), 5W, 260 CH, LCD & Standard Keypad, NXDN/Analog","UHF (450-520MHz), 5W, 260 CH, LCD & Standard Keypad, NXDN/Analog",TRUE,none,aak_product_data.product_category_kenwood_lmr_dealer_components
product_template_nx_1300nubk4,NX-1300NUBK4,"UHF (400-470MHz), 5W, 64 CH, Basic Model, NXDN/Analog","UHF (400-470MHz), 5W, 64 CH, Basic Model, NXDN/Analog",TRUE,none,aak_product_data.product_category_kenwood_lmr_dealer_components
product_template_nx_1300nubk5,NX-1300NUBK5,"UHF (400-470MHz), 5W, 260 CH, LCD & Standard Keypad, NXDN/Analog","UHF (400-470MHz), 5W, 260 CH, LCD & Standard Keypad, NXDN/Analog",TRUE,none,aak_product_data.product_category_kenwood_lmr_dealer_components
product_template_nx_1300nuk3,NX-1300NUK3,"UHF (450-520MHz), 5W, 260 CH, LCD & Full Keypad, NXDN/Analog","UHF (450-520MHz), 5W, 260 CH, LCD & Full Keypad, NXDN/Analog",TRUE,none,aak_product_data.product_category_kenwood_lmr_dealer_components
product_template_nx_1300nuk6,NX-1300NUK6,"UHF (400-470MHz), 5W, 260 CH, LCD & Full Keypad, NXDN/Analog","UHF (400-470MHz), 5W, 260 CH, LCD & Full Keypad, NXDN/Analog",TRUE,none,aak_product_data.product_category_kenwood_lmr_dealer_components
product_template_nx_1302aubk,NX-1302AUBK,"UHF (450-520MHz), 2W, 64 CH, Basic Model, Analog","UHF (450-520MHz), 2W, 64 CH, Basic Model, Analog",TRUE,none,aak_product_data.product_category_kenwood_lmr_dealer_components
product_template_nx_1700havk,NX-1700HAVK,"136-174 MHz VHF 50W, 260 Ch / 128 Zones","136-174 MHz VHF 50W, 260 Ch / 128 Zones",TRUE,none,aak_product_data.product_category_kenwood_lmr_dealer_components
product_template_nx_1700hdvk,NX-1700HDVK,"136-174 MHz VHF 50W, 260 Ch / 128 Zones","136-174 MHz VHF 50W, 260 Ch / 128 Zones",TRUE,none,aak_product_data.product_category_kenwood_lmr_dealer_components
product_template_nx_1700hnvk,NX-1700HNVK,"136-174 MHz VHF 50W, 260 Ch / 128 Zones","136-174 MHz VHF 50W, 260 Ch / 128 Zones",TRUE,none,aak_product_data.product_category_kenwood_lmr_dealer_components
product_template_nx_1800hauk2,NX-1800HAUK2,"400-470 MHz UHF 45W, 260 Ch / 128 Zones","400-470 MHz UHF 45W, 260 Ch / 128 Zones",TRUE,none,aak_product_data.product_category_kenwood_lmr_dealer_components
product_template_nx_1800hduk2,NX-1800HDUK2,"400-470 MHz UHF 45W, 260 Ch / 128 Zones","400-470 MHz UHF 45W, 260 Ch / 128 Zones",TRUE,none,aak_product_data.product_category_kenwood_lmr_dealer_components
product_template_nx_1800hnuk2,NX-1800HNUK2,"400-470 MHz UHF 45W, 260 Ch / 128 Zones","400-470 MHz UHF 45W, 260 Ch / 128 Zones",TRUE,none,aak_product_data.product_category_kenwood_lmr_dealer_components
product_template_nx_3200_isck,NX-3200-ISCK,"VHF (136-174MHz), 5.0 Watts, 64 CH, Basic Model","VHF (136-174MHz), 5.0 Watts, 64 CH, Basic Model",TRUE,none,aak_product_data.product_category_kenwood_lmr_dealer_components
product_template_nx_3200_isck2,NX-3200-ISCK2,"VHF (136-174MHz), 5.0 Watts, 512 CH, Standard Key Model","VHF (136-174MHz), 5.0 Watts, 512 CH, Standard Key Model",TRUE,none,aak_product_data.product_category_kenwood_lmr_dealer_components
product_template_nx_3200_isck3,NX-3200-ISCK3,"VHF (136-174MHz), 5.0 Watts, 512 CH, Full Key Model","VHF (136-174MHz), 5.0 Watts, 512 CH, Full Key Model",TRUE,none,aak_product_data.product_category_kenwood_lmr_dealer_components
product_template_nx_3200k,NX-3200K,"VHF (136-174MHz), 5.0 Watts, 64 CH, Basic Model","VHF (136-174MHz), 5.0 Watts, 64 CH, Basic Model",TRUE,none,aak_product_data.product_category_kenwood_lmr_dealer_components
product_template_nx_3200k2,NX-3200K2,"VHF (136-174MHz), 5.0 Watts, 512 CH, Standard Key Model","VHF (136-174MHz), 5.0 Watts, 512 CH, Standard Key Model",TRUE,none,aak_product_data.product_category_kenwood_lmr_dealer_components
product_template_nx_3200k2lakvp,NX-3200K2LAKVP,VHF Hi-Cap Li-Ion Value Pack : NX-3200K2+KNB-57LAM(2000mAh)+KSC-25LSK+KRA-26M,VHF Hi-Cap Li-Ion Value Pack : NX-3200K2+KNB-57LAM(2000mAh)+KSC-25LSK+KRA-26M,TRUE,none,aak_product_data.product_category_kenwood_lmr_dealer_components
product_template_nx_3200k2slakvp,NX-3200K2SLAKVP,VHF Li-Ion Value Pack : NX-3200K2+KNB-55LAM(1480mAh)+KSC-25LSK+KRA-26M,VHF Li-Ion Value Pack : NX-3200K2+KNB-55LAM(1480mAh)+KSC-25LSK+KRA-26M,TRUE,none,aak_product_data.product_category_kenwood_lmr_dealer_components
product_template_nx_3200k2_xlkvp,NX-3200K2-XLKVP,VHF Extra-Cap Li-Ion Value Pack : NX-3200K2+KNB-78L(2860mAh)+KSC-25LSK+KRA-26M,VHF Extra-Cap Li-Ion Value Pack : NX-3200K2+KNB-78L(2860mAh)+KSC-25LSK+KRA-26M,TRUE,none,aak_product_data.product_category_kenwood_lmr_dealer_components
product_template_nx_3200k3,NX-3200K3,"VHF (136-174MHz), 5.0 Watts, 512 CH, Full Key Model","VHF (136-174MHz), 5.0 Watts, 512 CH, Full Key Model",TRUE,none,aak_product_data.product_category_kenwood_lmr_dealer_components
product_template_nx_3220_isck,NX-3220-ISCK,"VHF (136-174MHz), 5.0 Watts, 64 CH, Basic Model","VHF (136-174MHz), 5.0 Watts, 64 CH, Basic Model",TRUE,none,aak_product_data.product_category_kenwood_lmr_dealer_components
product_template_nx_3220_isck2,NX-3220-ISCK2,"VHF (136-174MHz), 5.0 Watts, 512 CH, Standard Key Model","VHF (136-174MHz), 5.0 Watts, 512 CH, Standard Key Model",TRUE,none,aak_product_data.product_category_kenwood_lmr_dealer_components
product_template_nx_3220_isck3,NX-3220-ISCK3,"VHF (136-174MHz), 5.0 Watts, 512 CH, Full Key Model","VHF (136-174MHz), 5.0 Watts, 512 CH, Full Key Model",TRUE,none,aak_product_data.product_category_kenwood_lmr_dealer_components
product_template_nx_3220k,NX-3220K,"VHF (136-174MHz), 5.0 Watts, 64 CH, Basic Model","VHF (136-174MHz), 5.0 Watts, 64 CH, Basic Model",TRUE,none,aak_product_data.product_category_kenwood_lmr_dealer_components
product_template_nx_3220k2,NX-3220K2,"VHF (136-174MHz), 5.0 Watts, 260CH, Standard Key Model","VHF (136-174MHz), 5.0 Watts, 260CH, Standard Key Model",TRUE,none,aak_product_data.product_category_kenwood_lmr_dealer_components
product_template_nx_3220k2lakvp,NX-3220K2LAKVP,VHF Hi-Cap Li-Ion Value Pack : NX-3220K2+KNB-57LAM(2000mAh)+KSC-25LSK+KRA-26M,VHF Hi-Cap Li-Ion Value Pack : NX-3220K2+KNB-57LAM(2000mAh)+KSC-25LSK+KRA-26M,TRUE,none,aak_product_data.product_category_kenwood_lmr_dealer_components
product_template_nx_3220k2slakvp,NX-3220K2SLAKVP,VHF Li-Ion Value Pack : NX-3220K2+KNB-55LAM(1480mAh)+KSC-25LSK+KRA-26M,VHF Li-Ion Value Pack : NX-3220K2+KNB-55LAM(1480mAh)+KSC-25LSK+KRA-26M,TRUE,none,aak_product_data.product_category_kenwood_lmr_dealer_components
product_template_nx_3220k2_tr,NX-3220K2-TR,"VHF (136-174MHz), 5.0 Watts, 260CH, Standard Key Model </p><p>with NXDN Trunking","VHF (136-174MHz), 5.0 Watts, 260CH, Standard Key Model ",TRUE,none,aak_product_data.product_category_kenwood_lmr_dealer_components
product_template_nx_3220k2_xlkvp,NX-3220K2-XLKVP,VHF Extra-Cap Li-Ion Value Pack : NX-3220K2+KNB-78L(2860mAh)+KSC-25LSK+KRA-26M,VHF Extra-Cap Li-Ion Value Pack : NX-3220K2+KNB-78L(2860mAh)+KSC-25LSK+KRA-26M,TRUE,none,aak_product_data.product_category_kenwood_lmr_dealer_components
product_template_nx_3220k3,NX-3220K3,"VHF (136-174MHz), 5.0 Watts, 260CH, Full Key Model","VHF (136-174MHz), 5.0 Watts, 260CH, Full Key Model",TRUE,none,aak_product_data.product_category_kenwood_lmr_dealer_components
product_template_nx_3220k3slakvp,NX-3220K3SLAKVP,VHF Li-Ion Value Pack : NX-3220K3+KNB-55LAM(1480mAh)+KSC-25LSK+KRA-26M,VHF Li-Ion Value Pack : NX-3220K3+KNB-55LAM(1480mAh)+KSC-25LSK+KRA-26M,TRUE,none,aak_product_data.product_category_kenwood_lmr_dealer_components
product_template_nx_3220k3_tr,NX-3220K3-TR,"VHF (136-174MHz), 5.0 Watts, 260CH, Full Key Model </p><p>with NXDN Trunking","VHF (136-174MHz), 5.0 Watts, 260CH, Full Key Model ",TRUE,none,aak_product_data.product_category_kenwood_lmr_dealer_components
product_template_nx_3220kslakvp,NX-3220KSLAKVP,VHF Li-Ion Value Pack : NX-3220K+KNB-55LAM(1480mAh)+KSC-25LSK+KRA-26M,VHF Li-Ion Value Pack : NX-3220K+KNB-55LAM(1480mAh)+KSC-25LSK+KRA-26M,TRUE,none,aak_product_data.product_category_kenwood_lmr_dealer_components
product_template_nx_3220k_tr,NX-3220K-TR,"VHF (136-174MHz), 5.0 Watts, 64 CH, Basic Model </p><p>with NXDN Trunking","VHF (136-174MHz), 5.0 Watts, 64 CH, Basic Model ",TRUE,none,aak_product_data.product_category_kenwood_lmr_dealer_components
product_template_nx_3300_isck,NX-3300-ISCK,"UHF (400-520MHz), 5.0 Watts, 64 CH, Basic Model","UHF (400-520MHz), 5.0 Watts, 64 CH, Basic Model",TRUE,none,aak_product_data.product_category_kenwood_lmr_dealer_components
product_template_nx_3300_isck2,NX-3300-ISCK2,"UHF (400-520MHz), 5.0 Watts, 512 CH, Standard Key Model","UHF (400-520MHz), 5.0 Watts, 512 CH, Standard Key Model",TRUE,none,aak_product_data.product_category_kenwood_lmr_dealer_components
product_template_nx_3300_isck3,NX-3300-ISCK3,"UHF (400-520MHz), 5.0 Watts, 512 CH, Full Key Model","UHF (400-520MHz), 5.0 Watts, 512 CH, Full Key Model",TRUE,none,aak_product_data.product_category_kenwood_lmr_dealer_components
product_template_nx_3300k,NX-3300K,"UHF (400-520MHz), 5.0 Watts, 64 CH, Basic Model","UHF (400-520MHz), 5.0 Watts, 64 CH, Basic Model",TRUE,none,aak_product_data.product_category_kenwood_lmr_dealer_components
product_template_nx_3300k2,NX-3300K2,"UHF (400-520MHz), 5.0 Watts, 512 CH, Standard Key Model","UHF (400-520MHz), 5.0 Watts, 512 CH, Standard Key Model",TRUE,none,aak_product_data.product_category_kenwood_lmr_dealer_components
product_template_nx_3300k2lakvp,NX-3300K2LAKVP,UHF Hi-Cap Li-Ion Value Pack : NX-3300K2+KNB-57LAM(2000mAh)+KSC-25LSK+KRA-27M,UHF Hi-Cap Li-Ion Value Pack : NX-3300K2+KNB-57LAM(2000mAh)+KSC-25LSK+KRA-27M,TRUE,none,aak_product_data.product_category_kenwood_lmr_dealer_components
product_template_nx_3300k2slakvp,NX-3300K2SLAKVP,UHF Li-Ion Value Pack : NX-3300K2+KNB-55LAM(1480mAh)+KSC-25LSK+KRA-27M,UHF Li-Ion Value Pack : NX-3300K2+KNB-55LAM(1480mAh)+KSC-25LSK+KRA-27M,TRUE,none,aak_product_data.product_category_kenwood_lmr_dealer_components
product_template_nx_3300k2_xlkvp,NX-3300K2-XLKVP,UHF Extra-Cap Li-Ion Value Pack : NX-3300K2+KNB-78L(2860mAh)+KSC-25LSK+KRA-27M,UHF Extra-Cap Li-Ion Value Pack : NX-3300K2+KNB-78L(2860mAh)+KSC-25LSK+KRA-27M,TRUE,none,aak_product_data.product_category_kenwood_lmr_dealer_components
product_template_nx_3300k3,NX-3300K3,"UHF (400-520MHz), 5.0 Watts, 512 CH, Full Key Model","UHF (400-520MHz), 5.0 Watts, 512 CH, Full Key Model",TRUE,none,aak_product_data.product_category_kenwood_lmr_dealer_components
product_template_nx_3320_isck,NX-3320-ISCK,"UHF (400-520MHz), 5.0 Watts, 64 CH, Basic Model","UHF (400-520MHz), 5.0 Watts, 64 CH, Basic Model",TRUE,none,aak_product_data.product_category_kenwood_lmr_dealer_components
product_template_nx_3320_isck2,NX-3320-ISCK2,"UHF (400-520MHz), 5.0 Watts, 512 CH, Standard Key Model","UHF (400-520MHz), 5.0 Watts, 512 CH, Standard Key Model",TRUE,none,aak_product_data.product_category_kenwood_lmr_dealer_components
product_template_nx_3320_isck3,NX-3320-ISCK3,"UHF (400-520MHz), 5.0 Watts, 512 CH, Full Key Model","UHF (400-520MHz), 5.0 Watts, 512 CH, Full Key Model",TRUE,none,aak_product_data.product_category_kenwood_lmr_dealer_components
product_template_nx_3320k,NX-3320K,"UHF (400-520MHz), 5.0 Watts, 64 CH, Basic Model","UHF (400-520MHz), 5.0 Watts, 64 CH, Basic Model",TRUE,none,aak_product_data.product_category_kenwood_lmr_dealer_components
product_template_nx_3320k2,NX-3320K2,"UHF (400-520MHz), 5.0 Watts, 260CH, Standard Key Model","UHF (400-520MHz), 5.0 Watts, 260CH, Standard Key Model",TRUE,none,aak_product_data.product_category_kenwood_lmr_dealer_components
product_template_nx_3320k2lakvp,NX-3320K2LAKVP,UHF Hi-Cap Li-Ion Value Pack : NX-3320K2+KNB-57LAM(2000mAh)+KSC-25LSK+KRA-27M,UHF Hi-Cap Li-Ion Value Pack : NX-3320K2+KNB-57LAM(2000mAh)+KSC-25LSK+KRA-27M,TRUE,none,aak_product_data.product_category_kenwood_lmr_dealer_components
product_template_nx_3320k2slakvp,NX-3320K2SLAKVP,UHF Li-Ion Value Pack : NX-3320K2+KNB-55LAM(1480mAh)+KSC-25LSK+KRA-27M,UHF Li-Ion Value Pack : NX-3320K2+KNB-55LAM(1480mAh)+KSC-25LSK+KRA-27M,TRUE,none,aak_product_data.product_category_kenwood_lmr_dealer_components
product_template_nx_3320k2_tr,NX-3320K2-TR,"UHF (400-520MHz), 5.0 Watts, 260CH, Standard Key Model </p><p>with NXDN Trunking","UHF (400-520MHz), 5.0 Watts, 260CH, Standard Key Model ",TRUE,none,aak_product_data.product_category_kenwood_lmr_dealer_components
product_template_nx_3320k2_xlkvp,NX-3320K2-XLKVP,UHF Extra-Cap Li-Ion Value Pack : NX-3320K2+KNB-78L(2860mAh)+KSC-25LSK+KRA-27M,UHF Extra-Cap Li-Ion Value Pack : NX-3320K2+KNB-78L(2860mAh)+KSC-25LSK+KRA-27M,TRUE,none,aak_product_data.product_category_kenwood_lmr_dealer_components
product_template_nx_3320k3,NX-3320K3,"UHF (400-520MHz), 5.0 Watts, 260CH, Full Key Model","UHF (400-520MHz), 5.0 Watts, 260CH, Full Key Model",TRUE,none,aak_product_data.product_category_kenwood_lmr_dealer_components
product_template_nx_3320k3slakvp,NX-3320K3SLAKVP,UHF Li-Ion Value Pack : NX-3320K3+KNB-55LAM(1480mAh)+KSC-25LSK+KRA-27M,UHF Li-Ion Value Pack : NX-3320K3+KNB-55LAM(1480mAh)+KSC-25LSK+KRA-27M,TRUE,none,aak_product_data.product_category_kenwood_lmr_dealer_components
product_template_nx_3320k3_tr,NX-3320K3-TR,"UHF (400-520MHz), 5.0 Watts, 260CH, Full Key Model </p><p>with NXDN Trunking","UHF (400-520MHz), 5.0 Watts, 260CH, Full Key Model ",TRUE,none,aak_product_data.product_category_kenwood_lmr_dealer_components
product_template_nx_3320kslakvp,NX-3320KSLAKVP,UHF Li-Ion Value Pack : NX-3320K+KNB-55LAM(1480mAh)+KSC-25LSK+KRA-27M,UHF Li-Ion Value Pack : NX-3320K+KNB-55LAM(1480mAh)+KSC-25LSK+KRA-27M,TRUE,none,aak_product_data.product_category_kenwood_lmr_dealer_components
product_template_nx_3320k_tr,NX-3320K-TR,"UHF (400-520MHz), 5.0 Watts, 64 CH, Basic Model </p><p>with NXDN Trunking","UHF (400-520MHz), 5.0 Watts, 64 CH, Basic Model ",TRUE,none,aak_product_data.product_category_kenwood_lmr_dealer_components
product_template_nx_3400_isck3,NX-3400-ISCK3,"800/900MHz, 3.0 Watts, 512 CH, Full Key Model, NXDN Conv & Trunking","800/900MHz, 3.0 Watts, 512 CH, Full Key Model, NXDN Conv & Trunking",TRUE,none,aak_product_data.product_category_kenwood_lmr_dealer_components
product_template_nx_3400k3,NX-3400K3,"800/900MHz, 3.0 Watts, 512 CH, Full Key Model, NXDN Conv & Trunking","800/900MHz, 3.0 Watts, 512 CH, Full Key Model, NXDN Conv & Trunking",TRUE,none,aak_product_data.product_category_kenwood_lmr_dealer_components
product_template_nx_3400k3_xlkvp,NX-3400K3-XLKVP,Extra-Cap Li-Ion Value Pack : NX-3400K3+KNB-78L(2860mAh)+KSC-25LSK,Extra-Cap Li-Ion Value Pack : NX-3400K3+KNB-78L(2860mAh)+KSC-25LSK,TRUE,none,aak_product_data.product_category_kenwood_lmr_dealer_components
product_template_nx_3420_isck3,NX-3420-ISCK3,"800/900MHz, 3.0 Watts, 260 CH, Full Key Model, NXDN Conv & Trunking","800/900MHz, 3.0 Watts, 260 CH, Full Key Model, NXDN Conv & Trunking",TRUE,none,aak_product_data.product_category_kenwood_lmr_dealer_components
product_template_nx_3420k3,NX-3420K3,"800/900MHz, 3.0 Watts, 260 CH, Full Key Model, NXDN Conv & Trunking","800/900MHz, 3.0 Watts, 260 CH, Full Key Model, NXDN Conv & Trunking",TRUE,none,aak_product_data.product_category_kenwood_lmr_dealer_components
product_template_nx_3420k3_xlkvp,NX-3420K3-XLKVP,Extra-Cap Li-Ion Value Pack : NX-3420K3+KNB-78L(2860mAh)+KSC-25LSK,Extra-Cap Li-Ion Value Pack : NX-3420K3+KNB-78L(2860mAh)+KSC-25LSK,TRUE,none,aak_product_data.product_category_kenwood_lmr_dealer_components
product_template_nx_3720hgk,NX-3720HGK,"VHF (136-174MHz), 50 Watts, 512 CH, 128 Zones","VHF (136-174MHz), 50 Watts, 512 CH, 128 Zones",TRUE,none,aak_product_data.product_category_kenwood_lmr_dealer_components
product_template_nx_3720hgk_tr,NX-3720HGK-TR,"VHF (136-174MHz), 50 Watts, 512 CH, 128 Zones with NXDN Trunking","VHF (136-174MHz), 50 Watts, 512 CH, 128 Zones with NXDN Trunking",TRUE,none,aak_product_data.product_category_kenwood_lmr_dealer_components
product_template_nx_3820hgk,NX-3820HGK,"UHF (450 - 520MHz), 45 Watts, 512 CH, 128 Zones","UHF (450 - 520MHz), 45 Watts, 512 CH, 128 Zones",TRUE,none,aak_product_data.product_category_kenwood_lmr_dealer_components
product_template_nx_3820hgk2,NX-3820HGK2,"UHF (400 - 470MHz), 45 Watts, 512 CH, 128 Zones","UHF (400 - 470MHz), 45 Watts, 512 CH, 128 Zones",TRUE,none,aak_product_data.product_category_kenwood_lmr_dealer_components
product_template_nx_3820hgk2_tr,NX-3820HGK2-TR,"UHF (400 - 470MHz), 45 Watts, 512 CH, 128 Zones with NXDN Trunking","UHF (400 - 470MHz), 45 Watts, 512 CH, 128 Zones with NXDN Trunking",TRUE,none,aak_product_data.product_category_kenwood_lmr_dealer_components
product_template_nx_3820hgk_tr,NX-3820HGK-TR,"UHF (450 - 520MHz), 45 Watts, 512 CH, 128 Zones with NXDN Trunking","UHF (450 - 520MHz), 45 Watts, 512 CH, 128 Zones with NXDN Trunking",TRUE,none,aak_product_data.product_category_kenwood_lmr_dealer_components
product_template_nx_3920gk,NX-3920GK,"800MHz, 15 Watts, 512 CH, 128 Zones, NXDN Conv & Trunking","800MHz, 15 Watts, 512 CH, 128 Zones, NXDN Conv & Trunking",TRUE,none,aak_product_data.product_category_kenwood_lmr_dealer_components
product_template_nx_3921gk,NX-3921GK,"900MHz, 15 Watts, 512 CH, 128 Zones, NXDN Conv & Trunking","900MHz, 15 Watts, 512 CH, 128 Zones, NXDN Conv & Trunking",TRUE,none,aak_product_data.product_category_kenwood_lmr_dealer_components
product_template_nx_5200_isck2,NX-5200-ISCK2,"VHF (136-174MHz), 6.0 Watts  NXDN Conventional / TYPE-C (Gen1/Gen2) Trunking ","VHF (136-174MHz), 6.0 Watts  NXDN Conventional / TYPE-C (Gen1/Gen2) Trunking ",TRUE,none,aak_product_data.product_category_kenwood_lmr_dealer_components
product_template_nx_5200_isck3,NX-5200-ISCK3,"VHF (136-174MHz), 6.0 Watts  NXDN Conventional / TYPE-C (Gen1/Gen2) Trunking ","VHF (136-174MHz), 6.0 Watts  NXDN Conventional / TYPE-C (Gen1/Gen2) Trunking ",TRUE,none,aak_product_data.product_category_kenwood_lmr_dealer_components
product_template_nx_5200k2,NX-5200K2,"VHF (136-174MHz), 6.0 Watts  NXDN Conventional / TYPE-C (Gen1/Gen2) Trunking ","VHF (136-174MHz), 6.0 Watts  NXDN Conventional / TYPE-C (Gen1/Gen2) Trunking ",TRUE,none,aak_product_data.product_category_kenwood_lmr_dealer_components
product_template_nx_5200k3,NX-5200K3,"VHF (136-174MHz), 6.0 Watts  NXDN Conventional / TYPE-C (Gen1/Gen2) Trunking ","VHF (136-174MHz), 6.0 Watts  NXDN Conventional / TYPE-C (Gen1/Gen2) Trunking ",TRUE,none,aak_product_data.product_category_kenwood_lmr_dealer_components
product_template_nx_5300_isck2,NX-5300-ISCK2,"UHF (450-520MHz), 5.0 Watts   NXDN Conventional / TYPE-C (Gen1/Gen2) Trunking ","UHF (450-520MHz), 5.0 Watts   NXDN Conventional / TYPE-C (Gen1/Gen2) Trunking ",TRUE,none,aak_product_data.product_category_kenwood_lmr_dealer_components
product_template_nx_5300_isck3,NX-5300-ISCK3,"UHF (450-520MHz), 5.0 Watts  NXDN Conventional / TYPE-C (Gen1/Gen2) Trunking ","UHF (450-520MHz), 5.0 Watts  NXDN Conventional / TYPE-C (Gen1/Gen2) Trunking ",TRUE,none,aak_product_data.product_category_kenwood_lmr_dealer_components
product_template_nx_5300_isck5,NX-5300-ISCK5,"UHF (380-470MHz), 5.0 Watts  NXDN Conventional / TYPE-C (Gen1/Gen2) Trunking ","UHF (380-470MHz), 5.0 Watts  NXDN Conventional / TYPE-C (Gen1/Gen2) Trunking ",TRUE,none,aak_product_data.product_category_kenwood_lmr_dealer_components
product_template_nx_5300_isck6,NX-5300-ISCK6,"UHF (380-470MHz), 5.0 Watts  NXDN Conventional / TYPE-C (Gen1/Gen2) Trunking ","UHF (380-470MHz), 5.0 Watts  NXDN Conventional / TYPE-C (Gen1/Gen2) Trunking ",TRUE,none,aak_product_data.product_category_kenwood_lmr_dealer_components
product_template_nx_5300k2,NX-5300K2,"UHF (450-520MHz), 5.0 Watts   NXDN Conventional / TYPE-C (Gen1/Gen2) Trunking ","UHF (450-520MHz), 5.0 Watts   NXDN Conventional / TYPE-C (Gen1/Gen2) Trunking ",TRUE,none,aak_product_data.product_category_kenwood_lmr_dealer_components
product_template_nx_5300k3,NX-5300K3,"UHF (450-520MHz), 5.0 Watts  NXDN Conventional / TYPE-C (Gen1/Gen2) Trunking ","UHF (450-520MHz), 5.0 Watts  NXDN Conventional / TYPE-C (Gen1/Gen2) Trunking ",TRUE,none,aak_product_data.product_category_kenwood_lmr_dealer_components
product_template_nx_5300k5,NX-5300K5,"UHF (380-470MHz), 5.0 Watts  NXDN Conventional / TYPE-C (Gen1/Gen2) Trunking ","UHF (380-470MHz), 5.0 Watts  NXDN Conventional / TYPE-C (Gen1/Gen2) Trunking ",TRUE,none,aak_product_data.product_category_kenwood_lmr_dealer_components
product_template_nx_5300k6,NX-5300K6,"UHF (380-470MHz), 5.0 Watts  NXDN Conventional / TYPE-C (Gen1/Gen2) Trunking ","UHF (380-470MHz), 5.0 Watts  NXDN Conventional / TYPE-C (Gen1/Gen2) Trunking ",TRUE,none,aak_product_data.product_category_kenwood_lmr_dealer_components
product_template_nx_5400_isck2,NX-5400-ISCK2,"700 / 800 MHz, 3.0 Watts  NXDN Conventional / TYPE-C (Gen1/Gen2) Trunking </p><p>Standard Key Model","700 / 800 MHz, 3.0 Watts  NXDN Conventional / TYPE-C (Gen1/Gen2) Trunking ",TRUE,none,aak_product_data.product_category_kenwood_lmr_dealer_components
product_template_nx_5400_isck3,NX-5400-ISCK3,"700 / 800 MHz, 3.0 Watts  NXDN Conventional / TYPE-C (Gen1/Gen2) Trunking </p><p>Full Key Model","700 / 800 MHz, 3.0 Watts  NXDN Conventional / TYPE-C (Gen1/Gen2) Trunking ",TRUE,none,aak_product_data.product_category_kenwood_lmr_dealer_components
product_template_nx_5400k2,NX-5400K2,"700 / 800 MHz, 3.0 Watts  NXDN Conventional / TYPE-C (Gen1/Gen2) Trunking </p><p>Standard Key Model","700 / 800 MHz, 3.0 Watts  NXDN Conventional / TYPE-C (Gen1/Gen2) Trunking ",TRUE,none,aak_product_data.product_category_kenwood_lmr_dealer_components
product_template_nx_5400k3,NX-5400K3,"700 / 800 MHz, 3.0 Watts  NXDN Conventional / TYPE-C (Gen1/Gen2) Trunking </p><p>Full Key Model","700 / 800 MHz, 3.0 Watts  NXDN Conventional / TYPE-C (Gen1/Gen2) Trunking ",TRUE,none,aak_product_data.product_category_kenwood_lmr_dealer_components
product_template_nx_5600hbf3,NX-5600HBF3,"NX-5600HBF3 (110W, 39-50 MHz) RF Deck Only, Analog & NXDN Conv</p><p>(Remote Control Head, Microphone,  Bracket, DC Cable not included)","NX-5600HBF3 (110W, 39-50 MHz) RF Deck Only, Analog & NXDN Conv",TRUE,none,aak_product_data.product_category_kenwood_lmr_dealer_components
product_template_nx_5700bk,NX-5700BK,"VHF (50W, 136-174 MHz) RF Deck Only","VHF (50W, 136-174 MHz) RF Deck Only",TRUE,none,aak_product_data.product_category_kenwood_lmr_dealer_components
product_template_nx_5700hbf,NX-5700HBF,"NX-5700HBF (110W, 136-174 MHz) RF Deck Only, NXDN Conv & P25 Conv</p><p>(Remote Control Head, Microphone,  Bracket, DC Cable not included)","NX-5700HBF (110W, 136-174 MHz) RF Deck Only, NXDN Conv & P25 Conv",TRUE,none,aak_product_data.product_category_kenwood_lmr_dealer_components
product_template_nx_5700k,NX-5700K,"VHF (136-174MHz), 50 Watts  NXDN Conventional / TYPE-C (Gen1/Gen2) Trunking","VHF (136-174MHz), 50 Watts  NXDN Conventional / TYPE-C (Gen1/Gen2) Trunking",TRUE,none,aak_product_data.product_category_kenwood_lmr_dealer_components
product_template_nx_5800bk,NX-5800BK,"UHF (45W, 450-520 MHz) RF Deck Only","UHF (45W, 450-520 MHz) RF Deck Only",TRUE,none,aak_product_data.product_category_kenwood_lmr_dealer_components
product_template_nx_5800bk2,NX-5800BK2,"UHF (45W, 380-470 MHz) RF Deck Only","UHF (45W, 380-470 MHz) RF Deck Only",TRUE,none,aak_product_data.product_category_kenwood_lmr_dealer_components
product_template_nx_5800hbf,NX-5800HBF,"NX-5800HBF (100W, 450-520 MHz) RF Deck Only, NXDN Conv & P25 Conv</p><p>(Remote Control Head, Microphone,  Bracket, DC Cable not included)","NX-5800HBF (100W, 450-520 MHz) RF Deck Only, NXDN Conv & P25 Conv",TRUE,none,aak_product_data.product_category_kenwood_lmr_dealer_components
product_template_nx_5800hbf2,NX-5800HBF2,"NX-5800HBF2 (100W, 380-470 MHz) RF Deck Only, NXDN Conv & P25 Conv</p><p>(Remote Control Head, Microphone,  Bracket, DC Cable not included)","NX-5800HBF2 (100W, 380-470 MHz) RF Deck Only, NXDN Conv & P25 Conv",TRUE,none,aak_product_data.product_category_kenwood_lmr_dealer_components
product_template_nx_5800k,NX-5800K,"UHF (450-520MHz), 45 Watts  NXDN Conventional / TYPE-C (Gen1/Gen2) Trunking","UHF (450-520MHz), 45 Watts  NXDN Conventional / TYPE-C (Gen1/Gen2) Trunking",TRUE,none,aak_product_data.product_category_kenwood_lmr_dealer_components
product_template_nx_5800k2,NX-5800K2,"UHF (380-470MHz), 45 Watts  NXDN Conventional / TYPE-C (Gen1/Gen2) Trunking","UHF (380-470MHz), 45 Watts  NXDN Conventional / TYPE-C (Gen1/Gen2) Trunking",TRUE,none,aak_product_data.product_category_kenwood_lmr_dealer_components
product_template_nx_5900bk,NX-5900BK,"35W, 700/800 MHz RF Deck Only","35W, 700/800 MHz RF Deck Only",TRUE,none,aak_product_data.product_category_kenwood_lmr_dealer_components
product_template_nx_5900k,NX-5900K,"700 / 800 MHz, 30/35 Watts NXDN Conventional / 800MHz TYPE-C (Gen1/Gen2) Trunking","700 / 800 MHz, 30/35 Watts NXDN Conventional / 800MHz TYPE-C (Gen1/Gen2) Trunking",TRUE,none,aak_product_data.product_category_kenwood_lmr_dealer_components
product_template_nxr_1700e,NXR-1700E,"Repeater, Analog, VHF, 136-174MHz, 1-50W","Repeater, Analog, VHF, 136-174MHz, 1-50W",TRUE,none,aak_product_data.product_category_kenwood_lmr_dealer_components
product_template_nxr_1800e,NXR-1800E,"Repeater, Analog, UHF, 450-520MHz, 1-40W","Repeater, Analog, UHF, 450-520MHz, 1-40W",TRUE,none,aak_product_data.product_category_kenwood_lmr_dealer_components
product_template_nxr_1800e2,NXR-1800E2,"Repeater, Analog, UHF, 400-470MHz, 1-40W","Repeater, Analog, UHF, 400-470MHz, 1-40W",TRUE,none,aak_product_data.product_category_kenwood_lmr_dealer_components
